customer_id,purchase_date,amount,category
1,2026-08-07,245.28,Tech
1,2026-07-29,78.24,Tech
2,2026-08-10,262.13,Tech
2,2026-07-02,118.1,Esporte
2,2026-08-17,427.28,Tech
2,2026-07-06,344.86,Tech
2,2026-04-07,325.93,Tech
2,2026-07-07,99.56,Casa
2,2026-06-19,256.04,Tech
2,2026-04-08,209.56,Casa
3,2026-07-27,856.97,Moda
3,2026-08-26,770.36,Tech
3,2026-07-27,306.62,Casa
3,2026-08-01,896.38,Esporte
3,2026-07-14,548.44,Esporte
3,2026-08-09,534.78,Casa
3,2026-07-19,990.84,Tech
3,2026-07-27,535.24,Esporte
3,2026-07-07,576.3,Esporte
3,2026-08-14,828.51,Tech
3,2026-08-25,736.34,Casa
3,2026-07-15,574.95,Esporte
3,2026-08-06,287.25,Tech
3,2026-07-15,780.17,Moda
3,2026-08-11,910.53,Esporte
3,2026-07-26,1007.05,Tech
3,2026-07-10,338.92,Moda
3,2026-08-02,912.19,Tech
3,2026-08-29,944.6,Moda
3,2026-07-22,799.05,Esporte
3,2026-08-14,930.8,Moda
3,2026-08-31,1143.62,Moda
3,2026-08-22,830.37,Esporte
3,2026-08-29,457.3,Moda
3,2026-08-24,951.45,Esporte
3,2026-08-07,1120.98,Esporte
3,2026-08-27,408.05,Esporte
3,2026-07-28,513.95,Casa
3,2026-07-11,659.0,Moda
3,2026-07-18,644.53,Moda
3,2026-07-20,1089.98,Casa
3,2026-08-23,328.84,Casa
3,2026-08-18,875.59,Tech
3,2026-08-01,1039.54,Casa
3,2026-08-16,517.83,Casa
3,2026-08-06,757.86,Moda
3,2026-07-03,369.22,Tech
3,2026-08-03,1104.56,Esporte
4,2026-02-12,66.92,Esporte
4,2026-08-01,89.56,Casa
4,2026-01-19,82.2,Moda
4,2025-10-29,53.67,Tech
4,2025-11-15,79.33,Tech
4,2026-02-27,199.57,Tech
4,2026-05-18,199.66,Casa
4,2025-10-12,105.59,Moda
5,2026-08-25,84.61,Esporte
5,2026-08-03,194.12,Moda
5,2026-08-27,93.24,Moda
5,2026-08-16,193.59,Casa
6,2026-07-03,1154.42,Moda
6,2026-08-23,905.56,Tech
6,2026-07-15,751.7,Tech
6,2026-07-19,1053.18,Moda
6,2026-07-05,408.69,Casa
6,2026-07-29,764.49,Moda
6,2026-07-23,461.89,Casa
6,2026-07-12,477.42,Esporte
6,2026-07-16,1013.16,Casa
6,2026-07-30,718.14,Tech
6,2026-08-31,1000.61,Esporte
6,2026-08-16,433.96,Moda
6,2026-08-04,1018.14,Moda
6,2026-08-09,326.51,Tech
6,2026-08-18,696.58,Moda
6,2026-08-19,708.52,Tech
6,2026-08-02,1113.74,Moda
6,2026-07-12,860.98,Tech
6,2026-07-05,619.11,Casa
6,2026-08-02,1094.56,Esporte
6,2026-07-13,854.05,Tech
6,2026-07-12,1148.86,Esporte
6,2026-08-03,631.32,Tech
6,2026-07-17,400.91,Casa
6,2026-08-31,393.59,Esporte
6,2026-07-12,873.07,Esporte
7,2026-07-28,214.49,Tech
7,2026-09-01,289.81,Tech
8,2026-07-14,426.99,Casa
8,2026-08-25,185.77,Moda
8,2026-04-26,181.03,Moda
8,2026-06-27,308.63,Casa
8,2026-08-17,462.21,Moda
8,2026-05-07,358.24,Esporte
8,2026-04-26,134.92,Casa
8,2026-04-20,294.43,Esporte
8,2026-07-17,335.59,Casa
8,2026-07-19,139.45,Tech
8,2026-04-12,105.94,Esporte
8,2026-08-05,450.96,Tech
8,2026-06-30,160.35,Tech
8,2026-08-07,293.24,Tech
9,2026-08-12,831.9,Casa
9,2026-07-19,513.33,Esporte
9,2026-07-31,1144.43,Moda
9,2026-07-04,781.54,Casa
9,2026-07-10,675.15,Esporte
9,2026-08-25,622.75,Moda
9,2026-08-28,887.6,Esporte
9,2026-08-28,452.06,Moda
9,2026-07-13,366.23,Casa
9,2026-07-03,930.31,Moda
9,2026-08-23,490.45,Casa
9,2026-08-03,458.61,Tech
9,2026-08-07,1090.69,Casa
9,2026-07-21,1040.82,Casa
9,2026-07-18,659.95,Esporte
9,2026-08-11,650.21,Moda
9,2026-08-12,337.58,Moda
9,2026-08-31,571.08,Esporte
9,2026-08-04,917.99,Esporte
9,2026-08-11,741.56,Moda
9,2026-07-31,1162.74,Tech
9,2026-07-05,998.94,Tech
9,2026-08-27,502.29,Tech
9,2026-07-06,990.05,Moda
9,2026-07-15,373.08,Esporte
9,2026-07-09,1115.84,Moda
9,2026-08-07,391.9,Esporte
9,2026-07-19,560.7,Moda
9,2026-08-29,1009.61,Casa
9,2026-08-05,1100.52,Moda
9,2026-07-03,265.99,Tech
9,2026-07-12,497.52,Casa
9,2026-08-28,501.23,Tech
9,2026-08-03,260.97,Esporte
10,2026-08-24,62.96,Casa
10,2026-08-25,340.76,Moda
10,2026-08-29,104.34,Moda
10,2026-08-13,209.33,Casa
10,2026-08-14,183.71,Casa
11,2026-08-31,348.35,Tech
11,2026-09-01,55.53,Casa
11,2026-07-31,192.43,Esporte
12,2026-07-11,867.6,Esporte
12,2026-07-29,1042.88,Esporte
12,2026-07-31,542.39,Casa
12,2026-08-18,575.57,Casa
12,2026-08-07,1189.97,Tech
12,2026-07-10,373.33,Tech
12,2026-07-23,953.84,Moda
12,2026-08-05,405.08,Tech
12,2026-07-21,1049.21,Moda
12,2026-07-25,480.1,Moda
12,2026-08-30,686.48,Casa
12,2026-08-15,673.53,Moda
12,2026-08-09,1163.7,Moda
12,2026-08-17,282.72,Moda
12,2026-08-19,588.75,Tech
12,2026-08-11,612.55,Esporte
12,2026-08-15,727.63,Casa
12,2026-08-17,729.5,Tech
12,2026-08-27,500.96,Tech
12,2026-08-23,629.54,Tech
12,2026-08-07,271.37,Moda
12,2026-07-23,471.17,Casa
12,2026-07-21,1098.16,Esporte
12,2026-07-15,559.83,Esporte
12,2026-08-23,519.97,Casa
12,2026-08-30,1033.61,Esporte
12,2026-07-17,916.0,Casa
12,2026-07-05,747.57,Tech
12,2026-07-11,902.15,Casa
12,2026-08-27,279.6,Casa
12,2026-07-23,592.67,Tech
12,2026-08-08,1044.03,Tech
12,2026-07-23,267.9,Casa
12,2026-08-01,500.6,Esporte
12,2026-07-12,316.61,Tech
12,2026-07-21,749.69,Esporte
12,2026-08-16,1018.76,Moda
12,2026-08-17,942.87,Casa
12,2026-08-18,952.84,Esporte
12,2026-08-01,1053.25,Tech
12,2026-08-02,1114.94,Moda
13,2026-07-23,860.62,Tech
13,2026-07-25,390.05,Moda
13,2026-07-22,956.06,Moda
13,2026-07-24,789.37,Tech
13,2026-08-02,307.63,Moda
13,2026-07-20,344.54,Casa
13,2026-07-20,715.13,Moda
13,2026-08-03,692.6,Tech
13,2026-07-06,771.62,Moda
13,2026-08-27,1139.44,Tech
13,2026-08-14,686.02,Esporte
13,2026-08-15,617.51,Casa
13,2026-08-28,802.4,Casa
13,2026-07-16,747.86,Moda
13,2026-08-24,823.2,Moda
13,2026-07-07,357.04,Moda
13,2026-08-18,722.99,Esporte
13,2026-08-07,273.59,Tech
13,2026-07-03,717.11,Esporte
13,2026-08-07,536.85,Casa
13,2026-08-06,576.76,Moda
13,2026-08-25,1048.22,Tech
13,2026-08-12,963.2,Esporte
13,2026-08-25,1142.89,Casa
13,2026-07-18,261.14,Moda
13,2026-08-16,603.61,Esporte
13,2026-08-08,1198.85,Tech
13,2026-08-09,1129.14,Moda
13,2026-07-09,295.85,Tech
13,2026-08-29,1042.94,Moda
13,2026-07-23,1138.81,Casa
13,2026-08-15,664.43,Moda
13,2026-08-20,984.52,Esporte
13,2026-07-07,277.56,Esporte
13,2026-07-05,1081.94,Casa
13,2026-07-17,326.55,Esporte
13,2026-08-04,834.17,Casa
13,2026-07-22,1076.0,Esporte
13,2026-08-29,1116.31,Casa
14,2026-05-18,224.34,Moda
14,2026-06-28,390.39,Moda
14,2026-05-21,355.52,Moda
14,2026-05-01,314.08,Esporte
14,2026-08-02,150.28,Casa
14,2026-08-13,167.31,Esporte
14,2026-04-14,172.41,Moda
14,2026-05-09,259.52,Casa
14,2026-07-01,118.1,Moda
14,2026-04-12,118.26,Casa
14,2026-05-30,188.51,Casa
14,2026-08-27,394.86,Esporte
14,2026-05-26,253.83,Casa
14,2026-05-28,193.5,Tech
14,2026-04-27,196.56,Moda
15,2026-04-26,302.27,Casa
15,2026-08-09,193.83,Casa
15,2026-05-26,247.9,Esporte
15,2026-05-14,480.66,Tech
15,2026-07-31,93.54,Esporte
15,2026-04-04,285.73,Tech
15,2026-05-24,470.7,Esporte
15,2026-05-10,184.36,Tech
15,2026-07-06,144.84,Tech
15,2026-05-07,115.7,Tech
15,2026-09-01,408.57,Casa
15,2026-04-09,466.37,Moda
15,2026-07-31,343.12,Esporte
15,2026-08-04,121.77,Moda
15,2026-04-20,476.29,Casa
15,2026-05-25,189.57,Tech
15,2026-08-30,305.74,Esporte
15,2026-06-22,482.75,Casa
16,2026-05-04,182.22,Tech
16,2026-02-03,223.21,Moda
16,2026-08-04,45.66,Esporte
16,2025-09-21,208.26,Tech
16,2026-04-23,99.24,Esporte
16,2026-02-24,98.96,Tech
16,2025-09-10,127.89,Esporte
16,2026-02-28,217.47,Casa
16,2026-08-29,247.24,Tech
16,2026-05-19,168.88,Casa
17,2026-08-18,189.53,Moda
17,2026-08-14,82.7,Esporte
18,2026-04-30,255.15,Tech
18,2026-07-26,467.21,Tech
18,2026-07-09,89.92,Casa
18,2026-05-18,101.77,Tech
18,2026-07-16,245.2,Moda
18,2026-08-04,498.96,Casa
18,2026-06-09,160.09,Esporte
18,2026-08-24,210.97,Esporte
18,2026-05-29,493.69,Esporte
18,2026-07-20,125.76,Tech
18,2026-06-22,113.92,Esporte
19,2026-07-15,447.03,Moda
19,2026-07-14,1030.49,Esporte
19,2026-08-27,296.79,Esporte
19,2026-08-20,604.08,Esporte
19,2026-08-20,557.14,Esporte
19,2026-08-31,850.08,Casa
19,2026-07-12,844.14,Esporte
19,2026-08-30,606.79,Esporte
19,2026-08-28,1013.17,Tech
19,2026-08-16,435.19,Tech
19,2026-07-06,825.34,Moda
19,2026-08-15,568.22,Tech
19,2026-08-16,959.12,Moda
19,2026-07-04,511.85,Tech
19,2026-07-17,967.87,Tech
19,2026-08-31,1034.72,Tech
19,2026-08-02,929.79,Esporte
19,2026-07-14,617.19,Moda
19,2026-07-05,658.44,Esporte
19,2026-08-24,1131.69,Casa
19,2026-09-01,1012.44,Moda
19,2026-07-11,907.5,Casa
19,2026-07-25,474.34,Moda
19,2026-08-03,593.77,Tech
19,2026-07-31,437.45,Casa
19,2026-08-17,637.37,Tech
19,2026-08-02,774.96,Moda
19,2026-08-22,1181.24,Tech
19,2026-08-28,501.65,Tech
19,2026-08-19,341.6,Esporte
19,2026-07-18,1173.51,Casa
19,2026-08-18,376.28,Esporte
19,2026-07-24,1096.7,Casa
19,2026-07-16,761.64,Tech
19,2026-07-14,1048.83,Moda
19,2026-08-15,788.54,Moda
19,2026-08-16,951.16,Casa
20,2026-05-29,103.79,Casa
20,2026-04-10,269.88,Casa
20,2026-03-18,56.85,Moda
20,2026-04-29,171.9,Casa
20,2025-10-04,250.2,Esporte
21,2026-09-01,701.02,Casa
21,2026-07-10,675.88,Moda
21,2026-08-30,1083.04,Casa
21,2026-08-25,297.87,Casa
21,2026-07-04,321.36,Casa
21,2026-08-04,822.89,Tech
21,2026-08-26,855.58,Moda
21,2026-08-19,285.58,Moda
21,2026-08-23,291.96,Moda
21,2026-08-30,819.45,Casa
21,2026-07-11,260.81,Moda
21,2026-08-06,894.4,Casa
21,2026-07-24,546.59,Casa
21,2026-08-30,1005.52,Esporte
21,2026-08-28,637.76,Esporte
21,2026-07-21,772.63,Tech
21,2026-07-22,405.5,Moda
21,2026-08-06,1188.83,Moda
21,2026-08-06,1155.53,Moda
21,2026-07-16,788.19,Moda
21,2026-08-06,645.62,Moda
21,2026-07-22,437.34,Esporte
21,2026-08-19,1144.89,Esporte
22,2026-08-03,424.55,Esporte
22,2026-04-07,450.79,Esporte
22,2026-07-22,134.59,Tech
22,2026-04-13,139.85,Esporte
22,2026-08-10,320.6,Moda
22,2026-04-25,152.11,Moda
22,2026-06-21,147.96,Casa
22,2026-08-15,125.69,Esporte
22,2026-07-13,206.68,Tech
22,2026-05-01,212.1,Esporte
22,2026-08-10,459.77,Casa
22,2026-07-07,340.84,Casa
22,2026-05-03,156.85,Casa
22,2026-08-22,247.89,Casa
23,2026-06-30,78.86,Casa
23,2026-08-11,269.8,Tech
23,2025-09-25,257.93,Tech
23,2026-02-14,195.88,Moda
23,2025-10-04,149.22,Casa
23,2026-01-27,141.2,Moda
23,2026-01-16,170.93,Casa
24,2026-07-24,1186.83,Esporte
24,2026-08-17,674.48,Esporte
24,2026-07-10,420.59,Esporte
24,2026-08-07,351.72,Casa
24,2026-08-10,659.07,Tech
24,2026-07-12,669.87,Tech
24,2026-08-30,854.62,Tech
24,2026-07-04,946.81,Tech
24,2026-08-29,964.46,Esporte
24,2026-07-22,1153.32,Casa
24,2026-08-31,1064.22,Tech
24,2026-08-20,375.04,Esporte
24,2026-08-14,1158.81,Casa
24,2026-07-20,998.96,Casa
24,2026-08-28,1041.38,Moda
24,2026-08-22,557.65,Moda
24,2026-07-06,1024.85,Casa
24,2026-08-16,727.11,Esporte
24,2026-08-19,812.29,Casa
24,2026-08-12,603.65,Casa
25,2026-07-22,347.36,Moda
25,2026-06-10,456.07,Casa
25,2026-06-26,128.33,Tech
25,2026-06-01,485.79,Esporte
25,2026-04-12,299.01,Tech
25,2026-06-29,497.04,Esporte
25,2026-05-29,191.2,Moda
25,2026-04-07,141.4,Moda
25,2026-08-12,265.76,Casa
25,2026-08-20,204.48,Moda
25,2026-06-14,348.48,Moda
25,2026-09-01,393.79,Casa
25,2026-07-25,202.21,Esporte
25,2026-05-18,295.32,Tech
26,2026-07-05,337.26,Tech
26,2026-08-27,102.85,Moda
26,2026-06-16,124.67,Moda
26,2026-04-18,174.19,Moda
26,2026-04-04,136.17,Moda
26,2026-05-03,146.62,Tech
26,2026-07-01,377.14,Esporte
26,2026-08-08,106.74,Casa
26,2026-06-24,248.82,Moda
26,2026-08-30,103.57,Moda
26,2026-04-06,266.38,Esporte
26,2026-06-30,149.34,Tech
26,2026-08-21,105.84,Tech
26,2026-05-21,157.98,Casa
26,2026-08-18,462.93,Tech
27,2026-07-28,873.96,Casa
27,2026-08-23,642.52,Esporte
27,2026-07-11,832.52,Moda
27,2026-08-28,535.25,Tech
27,2026-07-07,938.09,Esporte
27,2026-07-18,761.49,Esporte
27,2026-07-09,664.82,Esporte
27,2026-08-27,954.67,Esporte
27,2026-08-21,464.65,Tech
27,2026-08-16,470.68,Tech
27,2026-08-25,568.74,Moda
27,2026-07-18,299.91,Esporte
27,2026-07-20,999.03,Moda
27,2026-08-14,859.9,Casa
27,2026-08-27,1086.04,Tech
27,2026-08-22,497.35,Casa
27,2026-07-10,956.68,Casa
27,2026-07-16,1119.21,Casa
27,2026-07-07,619.27,Casa
27,2026-08-08,1112.19,Esporte
27,2026-08-02,1047.73,Tech
27,2026-07-09,275.19,Casa
27,2026-07-27,1090.52,Casa
27,2026-08-07,841.49,Tech
27,2026-07-27,1115.25,Casa
27,2026-08-30,275.56,Tech
27,2026-07-24,1132.5,Moda
27,2026-08-23,915.7,Tech
27,2026-08-30,381.48,Tech
27,2026-07-19,314.44,Tech
27,2026-08-28,1063.67,Moda
27,2026-08-20,1026.68,Tech
27,2026-07-07,1074.4,Esporte
27,2026-08-26,484.25,Casa
27,2026-08-25,282.17,Tech
27,2026-07-11,963.86,Moda
27,2026-08-02,344.88,Tech
27,2026-07-13,969.5,Casa
27,2026-08-14,553.18,Esporte
28,2026-08-10,127.01,Moda
29,2026-07-15,599.62,Moda
29,2026-07-14,1165.8,Esporte
29,2026-07-09,523.27,Tech
29,2026-07-13,642.27,Esporte
29,2026-07-30,984.37,Moda
29,2026-08-02,919.43,Casa
29,2026-07-18,1069.13,Tech
29,2026-07-27,1028.82,Casa
29,2026-08-05,251.23,Casa
29,2026-08-14,974.07,Tech
29,2026-09-01,580.41,Tech
29,2026-08-01,910.45,Casa
29,2026-08-01,812.93,Moda
29,2026-07-27,1146.68,Moda
29,2026-07-11,453.98,Casa
29,2026-08-01,407.5,Tech
29,2026-08-01,998.52,Tech
29,2026-07-23,560.31,Tech
29,2026-08-07,1132.08,Tech
29,2026-08-05,1094.03,Tech
29,2026-08-09,445.81,Moda
29,2026-08-05,1106.15,Casa
29,2026-08-08,1183.29,Casa
29,2026-07-03,687.86,Tech
29,2026-08-10,802.5,Casa
29,2026-07-08,1050.95,Moda
29,2026-08-22,690.0,Moda
29,2026-07-26,469.47,Moda
29,2026-08-03,860.57,Casa
29,2026-07-31,432.0,Moda
29,2026-07-15,918.01,Casa
29,2026-07-17,398.19,Casa
29,2026-07-17,560.23,Moda
29,2026-08-22,474.4,Casa
29,2026-08-16,1176.39,Tech
29,2026-08-22,1164.27,Tech
29,2026-08-20,615.02,Casa
29,2026-07-13,537.0,Moda
29,2026-08-05,510.13,Tech
29,2026-07-23,1115.83,Moda
29,2026-08-19,1090.99,Esporte
29,2026-08-30,261.99,Esporte
30,2026-06-18,274.58,Casa
30,2026-06-28,333.56,Esporte
30,2026-08-31,391.2,Esporte
30,2026-04-08,326.72,Esporte
30,2026-07-05,360.52,Casa
30,2026-07-17,349.45,Esporte
30,2026-05-14,211.47,Tech
30,2026-05-17,181.81,Esporte
30,2026-07-23,185.03,Esporte
30,2026-05-01,271.18,Esporte
30,2026-04-22,363.6,Casa
30,2026-06-10,406.84,Esporte
30,2026-04-29,461.44,Tech
30,2026-08-23,185.51,Casa
30,2026-07-22,380.81,Casa
30,2026-04-22,226.25,Esporte
31,2026-05-03,295.12,Moda
31,2026-04-21,224.0,Esporte
31,2026-07-10,495.92,Casa
31,2026-05-24,295.79,Tech
31,2026-06-02,347.78,Moda
31,2026-06-23,240.37,Tech
31,2026-08-29,111.58,Esporte
31,2026-06-03,323.67,Tech
31,2026-07-06,207.47,Esporte
31,2026-04-20,488.03,Esporte
31,2026-05-06,169.05,Casa
31,2026-08-15,420.02,Casa
31,2026-05-04,349.72,Casa
31,2026-07-26,228.32,Esporte
31,2026-05-05,498.38,Casa
31,2026-05-04,228.99,Casa
31,2026-06-25,375.76,Moda
31,2026-05-15,365.1,Esporte
31,2026-09-01,418.28,Moda
32,2026-08-13,146.1,Esporte
32,2026-08-05,237.01,Tech
33,2026-08-13,306.33,Tech
33,2026-08-27,298.37,Moda
34,2026-06-05,345.93,Tech
34,2026-08-30,168.09,Tech
34,2026-06-18,185.01,Tech
34,2026-04-06,139.95,Casa
34,2026-07-16,406.05,Moda
34,2026-07-24,167.59,Esporte
34,2026-04-18,150.52,Tech
34,2026-04-14,410.99,Moda
34,2026-07-13,287.67,Casa
34,2026-04-19,113.02,Esporte
34,2026-08-03,313.13,Moda
34,2026-05-17,178.35,Casa
34,2026-05-03,287.09,Tech
34,2026-05-01,276.18,Casa
34,2026-04-29,183.56,Casa
34,2026-04-16,331.83,Tech
35,2026-05-05,372.27,Esporte
35,2026-06-18,433.04,Moda
35,2026-05-15,255.9,Tech
35,2026-07-17,347.56,Tech
35,2026-08-27,336.06,Moda
35,2026-08-08,294.46,Esporte
35,2026-07-27,94.24,Esporte
35,2026-07-31,222.21,Moda
35,2026-06-06,279.3,Casa
35,2026-06-21,262.78,Esporte
35,2026-06-29,312.69,Moda
35,2026-06-19,229.17,Esporte
35,2026-05-21,220.16,Moda
36,2026-08-01,287.59,Moda
36,2026-08-20,145.13,Moda
37,2026-08-10,409.37,Tech
37,2026-05-22,383.52,Esporte
37,2026-04-15,321.1,Esporte
37,2026-06-17,125.57,Tech
37,2026-07-15,425.22,Esporte
37,2026-08-17,411.39,Esporte
37,2026-07-26,343.26,Tech
37,2026-07-09,96.58,Esporte
37,2026-07-19,122.57,Casa
37,2026-08-23,257.06,Tech
37,2026-08-29,234.93,Casa
37,2026-06-14,316.08,Moda
37,2026-06-16,157.61,Tech
37,2026-06-12,88.56,Tech
37,2026-04-27,318.35,Tech
37,2026-08-02,404.99,Esporte
37,2026-04-07,372.2,Esporte
38,2026-08-25,216.79,Casa
38,2026-01-01,240.17,Tech
38,2026-07-21,207.57,Casa
39,2026-08-29,259.34,Tech
39,2026-08-01,494.39,Tech
39,2026-07-08,445.21,Casa
39,2026-05-04,87.47,Casa
39,2026-05-09,388.09,Casa
39,2026-08-20,233.67,Casa
39,2026-08-11,203.12,Esporte
39,2026-05-07,361.21,Moda
39,2026-08-19,381.23,Tech
39,2026-08-17,86.19,Tech
39,2026-05-25,210.65,Casa
39,2026-04-30,335.76,Moda
39,2026-05-30,478.48,Esporte
39,2026-05-04,364.29,Casa
39,2026-08-03,232.57,Casa
39,2026-05-18,280.32,Esporte
39,2026-06-24,409.54,Moda
39,2026-06-19,197.56,Moda
40,2026-07-25,1040.99,Esporte
40,2026-07-07,483.81,Esporte
40,2026-07-20,607.39,Casa
40,2026-07-12,678.71,Tech
40,2026-08-12,499.89,Esporte
40,2026-08-22,807.31,Tech
40,2026-08-14,1041.57,Casa
40,2026-08-15,1176.6,Esporte
40,2026-08-10,757.83,Esporte
40,2026-07-12,612.65,Casa
40,2026-08-13,826.55,Esporte
40,2026-08-03,922.92,Moda
40,2026-07-26,963.58,Esporte
40,2026-08-03,763.53,Moda
40,2026-07-14,309.5,Esporte
40,2026-07-26,744.99,Moda
40,2026-07-07,1041.66,Moda
40,2026-08-02,730.86,Casa
40,2026-08-20,452.06,Tech
40,2026-08-21,1015.57,Moda
40,2026-08-09,798.97,Moda
40,2026-08-07,990.66,Casa
40,2026-08-17,292.36,Esporte
40,2026-08-09,1073.05,Moda
41,2026-06-14,122.11,Tech
41,2026-03-09,112.94,Tech
41,2026-07-15,48.73,Esporte
42,2026-06-22,258.9,Esporte
42,2026-07-30,186.68,Tech
42,2026-06-07,164.42,Casa
42,2026-05-28,115.14,Tech
42,2026-08-24,314.1,Esporte
42,2026-04-30,477.83,Tech
42,2026-05-23,467.3,Tech
42,2026-06-28,213.86,Casa
42,2026-08-10,481.7,Esporte
42,2026-07-17,268.3,Casa
42,2026-05-30,485.62,Casa
42,2026-07-19,96.23,Moda
43,2026-07-28,321.37,Tech
44,2026-08-02,66.73,Casa
44,2026-08-12,276.49,Casa
44,2026-08-13,226.94,Esporte
44,2026-08-26,191.22,Moda
44,2026-08-16,167.01,Moda
45,2026-06-07,154.76,Casa
45,2025-09-20,271.96,Esporte
45,2025-08-30,277.27,Tech
45,2026-06-13,281.2,Casa
45,2026-07-24,282.83,Moda
45,2025-08-14,76.34,Esporte
45,2026-07-14,280.74,Esporte
45,2026-08-21,203.38,Esporte
46,2026-08-18,193.26,Moda
46,2026-08-23,149.59,Tech
46,2026-08-21,264.12,Casa
47,2026-04-18,148.75,Casa
47,2026-06-14,46.61,Moda
47,2026-03-14,249.08,Moda
47,2025-12-24,68.4,Esporte
48,2026-06-15,294.44,Tech
48,2025-10-13,272.71,Casa
48,2025-11-19,164.14,Moda
49,2026-07-15,441.54,Moda
49,2026-08-05,1191.47,Casa
49,2026-07-04,476.24,Esporte
49,2026-08-14,644.85,Casa
49,2026-08-29,1040.71,Moda
49,2026-08-23,1179.7,Tech
49,2026-08-04,1016.67,Moda
49,2026-07-31,383.14,Tech
49,2026-07-13,1040.63,Moda
49,2026-08-21,592.09,Tech
49,2026-07-05,638.49,Moda
49,2026-07-27,421.65,Casa
49,2026-07-30,981.92,Casa
49,2026-08-20,820.62,Tech
49,2026-07-07,828.13,Esporte
49,2026-07-15,510.19,Casa
49,2026-08-24,831.81,Casa
49,2026-07-26,542.64,Tech
49,2026-08-28,907.63,Esporte
49,2026-07-10,935.57,Tech
49,2026-07-30,1020.11,Moda
49,2026-08-14,1049.81,Esporte
49,2026-08-27,264.67,Esporte
49,2026-08-24,1078.41,Moda
49,2026-08-17,426.75,Moda
49,2026-08-30,405.31,Moda
49,2026-07-27,815.15,Tech
49,2026-08-10,743.83,Esporte
50,2026-08-10,928.86,Moda
50,2026-07-14,925.63,Esporte
50,2026-07-27,963.75,Tech
50,2026-08-14,1079.16,Esporte
50,2026-08-04,737.65,Casa
50,2026-08-31,481.36,Tech
50,2026-08-18,838.13,Casa
50,2026-08-26,546.32,Tech
50,2026-08-31,341.65,Casa
50,2026-08-16,266.8,Esporte
50,2026-07-30,476.45,Esporte
50,2026-08-26,583.16,Tech
50,2026-07-18,420.02,Moda
50,2026-08-25,691.6,Moda
50,2026-08-25,365.94,Esporte
50,2026-07-07,380.11,Casa
50,2026-07-08,465.68,Esporte
50,2026-07-16,626.78,Tech
50,2026-07-03,853.24,Esporte
50,2026-07-25,1047.74,Tech
50,2026-08-07,1171.97,Tech
50,2026-07-14,595.09,Esporte
50,2026-08-17,1046.64,Esporte
51,2026-07-28,66.07,Casa
51,2026-08-10,124.79,Esporte
51,2026-09-01,159.33,Casa
51,2026-08-28,147.31,Casa
52,2026-08-24,649.69,Esporte
52,2026-07-14,1197.63,Esporte
52,2026-07-23,294.42,Tech
52,2026-08-30,1072.33,Moda
52,2026-07-05,894.52,Moda
52,2026-07-23,765.14,Tech
52,2026-07-24,345.48,Tech
52,2026-07-30,262.98,Casa
52,2026-07-03,287.45,Tech
52,2026-08-13,580.18,Casa
52,2026-08-25,307.32,Moda
52,2026-08-27,693.1,Casa
52,2026-08-04,367.72,Casa
52,2026-07-07,528.92,Esporte
52,2026-07-27,523.89,Casa
52,2026-07-16,333.45,Moda
52,2026-07-10,681.43,Casa
52,2026-07-22,617.32,Moda
52,2026-08-03,1097.22,Moda
52,2026-07-24,703.96,Moda
52,2026-08-31,480.14,Casa
52,2026-08-20,736.83,Esporte
52,2026-07-26,626.63,Moda
52,2026-08-22,1068.77,Casa
52,2026-08-12,778.82,Esporte
52,2026-08-15,520.58,Casa
52,2026-08-14,304.06,Tech
53,2026-08-15,334.49,Moda
53,2026-05-12,356.24,Esporte
53,2026-05-12,228.73,Tech
53,2026-04-21,174.57,Casa
53,2026-05-18,221.55,Moda
53,2026-07-28,363.64,Moda
53,2026-04-22,119.92,Esporte
53,2026-06-25,409.68,Casa
53,2026-05-19,445.75,Tech
53,2026-05-19,401.58,Tech
53,2026-04-27,246.95,Casa
53,2026-05-18,436.98,Moda
53,2026-08-04,239.42,Esporte
53,2026-05-07,200.99,Moda
53,2026-06-19,228.24,Esporte
53,2026-06-11,82.84,Esporte
54,2026-04-01,87.9,Moda
54,2025-07-17,77.7,Esporte
54,2025-11-08,100.3,Moda
54,2026-03-20,291.93,Casa
54,2026-03-19,93.12,Esporte
54,2026-08-27,46.65,Moda
54,2025-11-16,272.93,Moda
54,2025-12-01,241.11,Esporte
54,2025-12-11,254.68,Esporte
55,2026-03-02,50.59,Moda
55,2026-01-13,286.45,Tech
55,2025-12-07,99.61,Esporte
55,2026-02-22,170.24,Casa
55,2026-05-28,290.76,Esporte
55,2026-02-08,154.44,Moda
55,2025-09-12,177.84,Tech
55,2026-06-06,134.31,Moda
55,2026-07-25,254.77,Casa
56,2026-07-06,530.17,Moda
56,2026-07-11,1138.62,Esporte
56,2026-07-23,398.58,Moda
56,2026-07-11,736.03,Casa
56,2026-08-06,423.29,Tech
56,2026-08-10,791.37,Tech
56,2026-07-19,640.85,Tech
56,2026-08-13,925.11,Tech
56,2026-07-05,539.23,Tech
56,2026-07-26,264.67,Tech
56,2026-08-20,416.43,Moda
56,2026-07-08,864.47,Casa
56,2026-07-27,438.62,Tech
56,2026-08-23,398.93,Tech
56,2026-08-31,345.1,Casa
56,2026-07-03,746.37,Esporte
56,2026-07-24,659.09,Tech
56,2026-07-22,261.87,Moda
56,2026-08-23,929.68,Moda
56,2026-08-15,410.94,Moda
56,2026-07-23,344.48,Tech
56,2026-08-10,432.07,Esporte
56,2026-08-31,301.94,Esporte
56,2026-07-26,975.85,Tech
56,2026-08-04,301.86,Casa
56,2026-08-17,461.75,Casa
56,2026-07-04,807.65,Casa
56,2026-08-12,255.86,Esporte
56,2026-08-13,647.46,Moda
56,2026-07-07,720.77,Tech
56,2026-08-17,893.42,Casa
56,2026-08-06,543.7,Esporte
56,2026-08-31,1003.12,Casa
56,2026-08-27,414.79,Moda
56,2026-08-08,427.23,Moda
56,2026-08-07,783.46,Tech
56,2026-08-11,757.06,Esporte
56,2026-08-11,633.04,Tech
56,2026-08-25,651.16,Moda
56,2026-07-28,482.69,Casa
57,2026-03-09,101.67,Tech
57,2026-04-12,212.71,Moda
57,2025-07-16,80.53,Casa
57,2026-07-16,91.04,Casa
57,2025-11-21,155.26,Casa
57,2026-06-12,135.66,Casa
58,2025-10-14,289.18,Casa
58,2026-04-02,287.24,Casa
58,2026-05-08,263.18,Casa
58,2025-09-05,299.46,Esporte
58,2025-11-05,297.39,Casa
58,2026-02-07,198.13,Casa
58,2026-06-29,266.82,Tech
58,2025-09-19,173.39,Moda
59,2025-09-30,226.74,Casa
59,2026-03-26,43.9,Tech
60,2026-07-04,214.84,Tech
60,2026-08-15,316.04,Moda
60,2026-04-26,398.55,Casa
60,2026-08-16,381.86,Tech
60,2026-07-06,201.2,Esporte
60,2026-06-21,229.48,Esporte
60,2026-07-30,473.43,Casa
60,2026-08-25,233.96,Moda
60,2026-05-19,90.61,Esporte
60,2026-06-30,499.97,Esporte
60,2026-06-03,460.54,Tech
60,2026-07-17,202.42,Moda
60,2026-07-07,379.29,Tech
60,2026-05-21,96.8,Casa
60,2026-05-14,163.2,Moda
60,2026-07-24,239.91,Tech
60,2026-04-13,210.59,Casa
60,2026-04-10,432.58,Esporte
60,2026-04-21,186.98,Esporte
60,2026-04-07,226.6,Tech
61,2026-07-14,872.65,Tech
61,2026-07-07,1061.44,Tech
61,2026-08-17,897.02,Tech
61,2026-07-13,552.62,Moda
61,2026-07-16,1117.96,Esporte
61,2026-07-19,956.74,Casa
61,2026-08-15,750.96,Moda
61,2026-07-03,1152.13,Esporte
61,2026-07-04,573.28,Esporte
61,2026-07-31,301.59,Casa
61,2026-08-05,889.46,Casa
61,2026-08-01,973.83,Tech
61,2026-07-03,917.6,Moda
61,2026-08-21,769.08,Casa
61,2026-07-29,497.26,Tech
61,2026-08-22,589.93,Esporte
61,2026-08-27,441.34,Moda
61,2026-08-24,379.73,Esporte
61,2026-07-21,708.64,Casa
61,2026-09-01,739.61,Esporte
61,2026-08-24,1139.05,Moda
61,2026-07-19,534.4,Casa
61,2026-07-26,785.11,Moda
61,2026-07-23,1024.62,Esporte
61,2026-07-15,1144.16,Casa
61,2026-07-25,1180.34,Esporte
61,2026-07-10,446.01,Moda
61,2026-09-01,592.46,Casa
61,2026-08-30,307.32,Moda
61,2026-08-13,437.26,Moda
61,2026-08-04,1164.74,Casa
61,2026-08-12,672.82,Moda
61,2026-08-14,409.69,Tech
61,2026-08-30,260.27,Esporte
61,2026-08-27,959.93,Moda
61,2026-07-16,785.47,Tech
61,2026-07-22,714.43,Esporte
61,2026-08-01,430.32,Moda
61,2026-09-01,591.33,Tech
61,2026-07-22,521.67,Moda
61,2026-07-22,483.69,Casa
61,2026-07-16,276.29,Esporte
61,2026-07-10,387.88,Moda
61,2026-08-21,1163.92,Casa
62,2026-07-17,1038.87,Moda
62,2026-08-08,425.32,Moda
62,2026-08-12,468.71,Casa
62,2026-07-28,1123.73,Moda
62,2026-08-17,304.84,Tech
62,2026-07-27,1012.65,Esporte
62,2026-07-06,298.02,Casa
62,2026-08-01,651.83,Casa
62,2026-08-13,822.49,Tech
62,2026-08-23,903.58,Casa
62,2026-08-24,671.03,Esporte
62,2026-08-27,1180.09,Esporte
62,2026-08-02,431.27,Moda
62,2026-09-01,280.42,Esporte
62,2026-08-23,519.09,Tech
62,2026-07-31,925.24,Moda
62,2026-08-28,666.76,Casa
62,2026-07-06,938.51,Esporte
62,2026-08-14,253.98,Moda
62,2026-07-27,435.65,Tech
62,2026-07-29,557.51,Esporte
62,2026-08-05,1172.73,Casa
62,2026-08-07,1163.73,Tech
62,2026-07-12,1019.21,Moda
62,2026-07-25,875.51,Esporte
62,2026-07-03,600.21,Casa
62,2026-08-13,1072.0,Tech
62,2026-07-09,429.4,Esporte
62,2026-07-19,330.95,Moda
62,2026-07-28,801.73,Esporte
62,2026-08-09,753.48,Esporte
62,2026-08-07,498.03,Casa
62,2026-08-21,1170.1,Casa
62,2026-07-28,962.35,Casa
62,2026-07-08,1045.45,Tech
62,2026-08-20,754.24,Moda
62,2026-07-18,714.81,Esporte
62,2026-08-18,764.17,Tech
62,2026-07-16,737.53,Tech
62,2026-07-09,637.62,Tech
62,2026-07-12,667.55,Tech
62,2026-07-23,1191.12,Tech
62,2026-08-03,1038.7,Esporte
62,2026-07-29,412.69,Casa
62,2026-07-27,701.35,Tech
63,2026-08-18,249.83,Tech
63,2026-05-29,97.53,Casa
63,2026-05-07,205.97,Casa
63,2026-05-15,461.58,Tech
63,2026-07-12,316.44,Moda
63,2026-07-20,234.13,Moda
63,2026-08-30,426.76,Tech
63,2026-07-02,236.67,Moda
63,2026-04-29,98.27,Moda
63,2026-08-07,229.41,Moda
63,2026-08-04,94.34,Casa
63,2026-06-28,228.83,Esporte
63,2026-08-27,432.03,Esporte
64,2026-08-31,713.65,Tech
64,2026-07-12,495.5,Casa
64,2026-07-28,1134.54,Esporte
64,2026-07-10,387.03,Moda
64,2026-07-29,1197.4,Moda
64,2026-07-03,671.88,Tech
64,2026-08-11,1194.76,Esporte
64,2026-07-31,709.77,Tech
64,2026-07-12,1045.3,Tech
64,2026-08-21,839.4,Esporte
64,2026-07-10,701.97,Casa
64,2026-07-19,1052.86,Esporte
64,2026-08-18,1079.37,Tech
64,2026-08-09,562.81,Casa
64,2026-08-13,1099.29,Tech
64,2026-08-19,411.24,Moda
64,2026-07-17,694.37,Esporte
64,2026-08-08,1140.54,Moda
64,2026-09-01,568.73,Esporte
64,2026-08-11,465.29,Casa
64,2026-08-03,1082.46,Tech
64,2026-07-23,388.54,Casa
64,2026-08-15,615.21,Tech
64,2026-07-31,1191.79,Moda
64,2026-07-27,794.85,Casa
64,2026-07-19,282.41,Tech
64,2026-07-08,439.28,Esporte
64,2026-07-23,793.18,Tech
64,2026-08-09,1002.31,Casa
64,2026-07-08,1006.87,Casa
64,2026-07-20,318.43,Moda
64,2026-07-16,594.52,Casa
64,2026-08-10,1079.22,Esporte
64,2026-08-11,307.43,Moda
64,2026-07-21,557.04,Esporte
64,2026-07-31,598.92,Casa
64,2026-07-12,473.07,Moda
64,2026-08-23,378.84,Tech
64,2026-07-07,1077.43,Esporte
64,2026-08-07,673.24,Moda
64,2026-07-04,410.47,Tech
64,2026-08-23,536.42,Moda
64,2026-08-16,940.32,Moda
64,2026-08-28,1125.16,Tech
64,2026-07-26,419.81,Moda
65,2025-08-01,219.47,Tech
65,2025-12-27,123.01,Casa
65,2026-04-13,273.41,Tech
65,2025-08-09,82.79,Moda
65,2026-05-03,223.14,Casa
65,2026-08-08,143.89,Casa
65,2025-10-28,113.49,Tech
66,2026-08-18,484.52,Tech
66,2026-08-12,110.85,Moda
66,2026-07-29,82.12,Moda
66,2026-04-17,349.84,Tech
66,2026-06-11,467.61,Casa
66,2026-06-11,217.24,Tech
66,2026-04-30,250.23,Moda
66,2026-07-19,104.13,Esporte
66,2026-08-21,116.62,Moda
66,2026-04-28,494.89,Esporte
66,2026-06-28,474.9,Tech
67,2026-07-27,871.39,Moda
67,2026-08-29,644.38,Moda
67,2026-08-22,338.78,Casa
67,2026-08-19,385.53,Tech
67,2026-08-10,1023.32,Esporte
67,2026-08-10,761.73,Casa
67,2026-07-21,1182.32,Moda
67,2026-08-18,954.03,Moda
67,2026-07-11,925.86,Tech
67,2026-07-14,864.94,Esporte
67,2026-07-28,514.35,Moda
67,2026-08-24,490.27,Esporte
67,2026-08-26,872.59,Moda
67,2026-08-23,1190.05,Casa
67,2026-08-07,968.76,Tech
67,2026-07-04,276.55,Casa
67,2026-08-25,307.16,Casa
67,2026-07-28,988.5,Moda
67,2026-07-03,825.77,Casa
67,2026-07-06,418.56,Casa
67,2026-07-30,277.59,Casa
67,2026-08-04,1183.21,Esporte
67,2026-08-19,854.32,Moda
67,2026-07-06,1010.51,Esporte
67,2026-08-19,557.64,Tech
67,2026-08-26,877.03,Tech
67,2026-08-28,1016.41,Esporte
67,2026-07-20,1070.86,Tech
67,2026-08-18,785.99,Esporte
67,2026-07-05,1123.17,Casa
68,2026-08-31,499.2,Esporte
68,2026-08-17,469.81,Casa
68,2026-08-12,971.21,Moda
68,2026-08-13,1085.45,Esporte
68,2026-08-19,1182.28,Casa
68,2026-08-02,1069.92,Moda
68,2026-07-15,379.7,Moda
68,2026-08-14,334.01,Tech
68,2026-08-01,1078.5,Casa
68,2026-08-22,553.78,Esporte
68,2026-08-19,800.26,Casa
68,2026-07-09,1089.39,Moda
68,2026-08-30,990.82,Esporte
68,2026-08-21,663.07,Casa
68,2026-07-04,532.72,Tech
68,2026-07-12,355.98,Tech
68,2026-08-24,1116.03,Casa
68,2026-07-31,949.22,Tech
68,2026-07-15,410.3,Esporte
68,2026-08-27,643.49,Esporte
68,2026-07-07,568.88,Tech
68,2026-07-26,472.88,Tech
68,2026-08-30,378.09,Casa
68,2026-07-27,658.97,Tech
68,2026-07-17,268.94,Moda
68,2026-08-28,1084.64,Tech
68,2026-08-01,1172.06,Esporte
68,2026-09-01,420.03,Casa
69,2026-08-10,1047.59,Tech
69,2026-08-10,1171.97,Casa
69,2026-07-17,318.77,Casa
69,2026-09-01,501.42,Tech
69,2026-08-30,436.62,Tech
69,2026-08-06,1000.04,Moda
69,2026-08-15,260.06,Tech
69,2026-07-22,681.05,Moda
69,2026-07-28,564.22,Esporte
69,2026-07-08,958.01,Moda
69,2026-08-07,650.86,Esporte
69,2026-08-08,1174.29,Esporte
69,2026-07-15,616.14,Esporte
69,2026-07-12,385.9,Tech
69,2026-08-17,827.44,Moda
69,2026-07-19,830.36,Esporte
69,2026-08-17,1034.28,Tech
69,2026-08-27,1050.9,Tech
69,2026-07-05,930.59,Esporte
69,2026-07-19,780.59,Esporte
69,2026-07-28,884.61,Esporte
69,2026-07-27,250.89,Esporte
69,2026-07-31,575.24,Esporte
69,2026-08-17,1033.74,Esporte
69,2026-08-10,926.56,Esporte
69,2026-07-30,503.09,Moda
69,2026-08-28,847.46,Casa
69,2026-07-04,831.89,Moda
69,2026-08-16,1113.31,Esporte
69,2026-07-09,935.48,Esporte
69,2026-07-27,460.16,Casa
69,2026-08-28,1130.96,Moda
69,2026-07-30,444.6,Casa
69,2026-07-11,597.5,Casa
69,2026-08-23,1030.79,Esporte
69,2026-08-21,858.5,Tech
70,2026-08-09,299.64,Esporte
70,2026-08-25,173.01,Moda
70,2026-08-08,80.84,Moda
70,2026-07-30,206.41,Esporte
71,2026-08-07,525.98,Esporte
71,2026-07-19,356.21,Esporte
71,2026-07-17,1008.37,Casa
71,2026-09-01,896.17,Moda
71,2026-08-01,744.66,Casa
71,2026-07-24,602.24,Moda
71,2026-07-12,612.08,Tech
71,2026-07-28,440.81,Moda
71,2026-08-29,811.06,Moda
71,2026-07-18,767.43,Moda
71,2026-08-16,479.74,Esporte
71,2026-08-27,748.92,Esporte
71,2026-07-09,334.39,Casa
71,2026-08-05,1160.45,Moda
71,2026-07-24,992.0,Tech
71,2026-07-18,670.4,Moda
71,2026-08-30,926.91,Moda
71,2026-08-06,659.42,Moda
71,2026-08-10,476.69,Casa
71,2026-07-04,837.63,Moda
71,2026-08-28,882.32,Moda
71,2026-07-08,317.24,Esporte
71,2026-08-08,623.6,Esporte
71,2026-08-01,1138.96,Tech
71,2026-08-26,813.14,Esporte
71,2026-07-04,689.07,Esporte
71,2026-08-06,1195.18,Casa
71,2026-07-07,311.84,Esporte
72,2025-12-13,235.73,Tech
72,2025-09-23,100.43,Casa
72,2026-02-08,180.83,Moda
72,2025-11-22,125.84,Esporte
73,2026-07-17,97.38,Tech
73,2025-11-13,252.54,Tech
73,2025-12-21,62.95,Casa
74,2025-09-18,91.96,Moda
74,2025-12-28,264.38,Esporte
75,2026-08-20,446.21,Casa
75,2026-06-11,220.42,Tech
75,2026-07-16,495.25,Moda
75,2026-04-21,190.18,Moda
75,2026-05-26,187.11,Moda
75,2026-04-12,245.81,Esporte
75,2026-08-19,208.88,Casa
75,2026-05-27,416.83,Moda
75,2026-06-15,164.84,Tech
75,2026-07-10,305.48,Moda
75,2026-05-06,355.66,Casa
75,2026-05-31,470.79,Moda
75,2026-07-12,271.7,Tech
75,2026-06-13,83.57,Tech
76,2026-08-14,111.12,Esporte
76,2026-04-05,92.14,Casa
76,2025-07-18,293.02,Esporte
76,2026-02-06,283.06,Esporte
76,2026-05-20,268.3,Tech
76,2026-06-01,152.77,Tech
76,2026-08-07,75.62,Tech
77,2026-08-25,279.82,Casa
77,2025-12-20,97.41,Moda
77,2025-07-18,94.87,Casa
77,2026-06-19,242.16,Casa
78,2026-08-26,441.55,Tech
78,2026-07-03,297.8,Casa
78,2026-07-21,1041.88,Esporte
78,2026-07-20,653.35,Tech
78,2026-07-04,910.92,Tech
78,2026-08-22,1044.32,Moda
78,2026-07-15,471.03,Moda
78,2026-07-18,782.55,Casa
78,2026-08-13,1116.31,Moda
78,2026-07-28,1049.24,Casa
78,2026-07-03,1009.4,Casa
78,2026-08-07,1175.47,Moda
78,2026-08-08,398.18,Moda
78,2026-08-18,872.09,Tech
78,2026-08-20,691.23,Casa
78,2026-08-05,566.52,Esporte
78,2026-08-25,286.87,Moda
78,2026-08-25,874.62,Casa
78,2026-07-22,1142.46,Tech
78,2026-08-14,715.42,Tech
78,2026-07-15,992.39,Tech
78,2026-08-20,710.51,Moda
78,2026-07-25,804.71,Tech
78,2026-08-20,382.72,Moda
78,2026-07-14,1098.41,Casa
78,2026-07-26,1128.38,Tech
78,2026-07-26,818.85,Tech
78,2026-08-10,434.66,Casa
78,2026-07-21,535.02,Casa
78,2026-08-11,582.72,Esporte
78,2026-08-17,563.08,Moda
78,2026-08-21,354.17,Moda
78,2026-07-12,315.95,Esporte
78,2026-08-26,959.61,Tech
79,2026-05-24,273.79,Tech
79,2026-08-22,295.61,Tech
79,2026-05-19,351.66,Casa
79,2026-05-18,322.76,Moda
79,2026-08-13,237.38,Casa
79,2026-06-01,151.27,Tech
79,2026-06-09,82.08,Esporte
79,2026-06-16,142.6,Tech
79,2026-08-05,449.21,Tech
79,2026-07-24,288.37,Tech
79,2026-06-10,276.48,Casa
79,2026-04-09,304.9,Moda
79,2026-05-31,478.75,Moda
79,2026-05-21,313.22,Casa
79,2026-07-02,385.16,Casa
79,2026-08-08,86.35,Tech
79,2026-04-29,412.51,Casa
80,2026-07-20,144.54,Moda
80,2026-08-25,258.08,Tech
80,2026-06-19,319.32,Tech
80,2026-08-11,358.83,Casa
80,2026-07-04,182.3,Tech
80,2026-07-01,110.68,Moda
80,2026-08-07,97.31,Casa
80,2026-06-16,223.67,Esporte
80,2026-07-17,84.52,Esporte
81,2026-07-18,245.04,Casa
81,2025-08-22,172.96,Casa
82,2026-06-05,403.47,Casa
82,2026-07-13,468.46,Moda
82,2026-08-15,498.86,Esporte
82,2026-08-23,288.88,Moda
82,2026-08-15,395.61,Tech
82,2026-07-13,443.99,Tech
82,2026-05-31,410.38,Tech
82,2026-06-04,324.77,Esporte
82,2026-04-27,136.68,Moda
82,2026-08-19,392.88,Casa
82,2026-05-13,242.05,Moda
82,2026-04-18,355.18,Tech
82,2026-08-15,486.75,Moda
82,2026-07-04,180.84,Esporte
82,2026-04-11,179.39,Esporte
82,2026-04-07,461.41,Tech
82,2026-05-24,358.72,Esporte
82,2026-06-06,426.82,Esporte
82,2026-08-10,175.91,Moda
82,2026-05-15,413.04,Tech
83,2026-08-31,335.3,Esporte
83,2026-08-06,173.24,Moda
83,2026-08-03,93.75,Casa
83,2026-08-27,156.11,Esporte
84,2026-08-11,333.58,Moda
84,2026-08-21,916.12,Esporte
84,2026-08-06,877.95,Casa
84,2026-08-25,455.51,Tech
84,2026-08-08,1031.79,Casa
84,2026-08-08,507.91,Casa
84,2026-08-09,409.05,Moda
84,2026-07-07,1025.06,Esporte
84,2026-08-13,724.7,Casa
84,2026-07-09,1039.1,Casa
84,2026-08-07,750.83,Tech
84,2026-07-09,416.58,Casa
84,2026-08-03,787.0,Moda
84,2026-07-16,584.69,Tech
84,2026-07-28,947.84,Esporte
84,2026-08-24,1132.18,Moda
84,2026-07-21,645.23,Moda
84,2026-08-04,503.03,Moda
84,2026-08-09,540.07,Esporte
84,2026-07-03,746.07,Tech
84,2026-07-05,871.87,Esporte
84,2026-08-09,907.0,Tech
84,2026-08-29,1081.46,Tech
84,2026-07-28,608.31,Moda
84,2026-07-15,736.86,Casa
84,2026-07-17,826.72,Esporte
84,2026-08-30,1150.82,Esporte
84,2026-08-24,256.72,Moda
84,2026-08-23,428.28,Tech
85,2025-08-15,193.29,Moda
85,2025-10-15,238.24,Moda
85,2025-08-02,181.51,Esporte
85,2025-11-25,294.32,Tech
86,2025-09-03,133.66,Moda
86,2026-03-20,82.09,Esporte
86,2026-08-08,246.35,Moda
86,2026-06-22,92.2,Tech
86,2026-06-10,120.08,Casa
86,2025-09-18,121.11,Tech
86,2025-11-05,117.38,Esporte
86,2025-07-31,291.4,Casa
86,2026-04-15,120.44,Esporte
87,2026-06-11,469.78,Esporte
87,2026-08-05,366.25,Moda
87,2026-05-24,214.24,Esporte
87,2026-06-25,127.24,Esporte
87,2026-04-26,431.59,Casa
87,2026-06-13,98.46,Moda
87,2026-04-17,277.49,Esporte
87,2026-08-13,195.66,Moda
87,2026-05-23,302.32,Moda
87,2026-08-01,189.09,Tech
87,2026-08-22,303.52,Moda
87,2026-06-03,332.9,Moda
87,2026-06-26,491.8,Tech
87,2026-04-14,120.49,Esporte
87,2026-08-04,470.61,Casa
87,2026-07-18,486.26,Tech
87,2026-05-21,245.69,Moda
88,2025-12-20,249.49,Moda
88,2026-05-29,225.16,Casa
88,2025-12-03,231.27,Esporte
88,2025-09-24,281.09,Moda
88,2026-06-25,95.39,Tech
88,2026-02-02,57.37,Tech
88,2025-11-12,213.63,Esporte
88,2026-02-07,95.62,Moda
89,2026-07-07,362.05,Casa
89,2026-04-26,132.48,Moda
89,2026-08-24,392.06,Esporte
89,2026-06-20,135.14,Esporte
89,2026-06-23,379.05,Moda
89,2026-07-09,459.63,Moda
89,2026-08-08,231.09,Tech
89,2026-06-01,89.79,Tech
89,2026-08-01,432.21,Moda
89,2026-07-08,81.44,Casa
90,2025-12-18,55.37,Esporte
90,2025-11-03,184.28,Tech
90,2026-08-12,179.84,Esporte
90,2026-07-07,165.77,Moda
90,2025-10-14,283.43,Moda
90,2025-12-04,187.8,Casa
91,2026-04-07,305.57,Tech
91,2026-07-06,406.8,Tech
91,2026-04-25,192.58,Moda
91,2026-08-16,480.9,Moda
91,2026-08-10,325.67,Esporte
91,2026-05-25,295.08,Esporte
91,2026-07-06,360.02,Tech
91,2026-05-29,483.76,Moda
91,2026-06-29,109.98,Esporte
91,2026-04-07,136.17,Esporte
91,2026-05-08,160.11,Casa
91,2026-08-04,249.21,Moda
92,2026-04-22,86.94,Casa
92,2026-07-13,404.79,Casa
92,2026-04-11,397.33,Moda
92,2026-08-27,466.38,Tech
92,2026-08-16,228.64,Esporte
92,2026-08-29,430.89,Moda
92,2026-04-12,229.26,Casa
92,2026-04-10,345.54,Moda
92,2026-06-15,124.21,Casa
93,2026-08-31,291.35,Esporte
93,2026-08-26,152.88,Casa
93,2026-08-09,283.24,Esporte
93,2026-08-01,347.17,Moda
94,2026-08-24,304.99,Moda
94,2026-07-31,166.67,Moda
94,2026-08-16,246.9,Casa
94,2026-08-15,333.59,Esporte
95,2025-07-13,273.06,Esporte
95,2026-06-25,75.96,Tech
95,2026-05-15,229.25,Esporte
95,2026-08-18,42.37,Tech
96,2026-05-20,271.15,Tech
96,2026-03-20,128.0,Esporte
97,2026-08-29,103.29,Moda
97,2026-02-18,268.96,Tech
97,2025-11-03,268.18,Casa
97,2026-01-19,158.67,Esporte
97,2025-08-08,57.57,Tech
98,2026-02-09,209.49,Casa
98,2025-08-30,208.88,Esporte
98,2025-10-26,76.86,Esporte
98,2025-10-30,139.24,Casa
99,2026-05-24,317.75,Casa
99,2026-08-23,181.9,Casa
99,2026-09-01,95.99,Tech
99,2026-05-22,180.99,Casa
99,2026-08-21,470.75,Esporte
99,2026-06-26,97.36,Esporte
99,2026-08-28,281.12,Tech
99,2026-08-08,158.51,Casa
100,2026-07-31,286.09,Esporte
101,2026-07-09,278.23,Tech
101,2026-07-31,783.54,Tech
101,2026-07-18,301.53,Moda
101,2026-08-03,627.11,Tech
101,2026-07-28,957.75,Tech
101,2026-08-21,1038.18,Esporte
101,2026-08-19,366.05,Casa
101,2026-07-21,657.6,Tech
101,2026-07-24,1177.63,Moda
101,2026-07-20,339.33,Casa
101,2026-07-09,1087.29,Tech
101,2026-08-27,599.21,Moda
101,2026-08-13,974.3,Casa
101,2026-08-01,826.11,Moda
101,2026-07-14,432.43,Tech
101,2026-08-28,291.37,Casa
101,2026-07-30,616.11,Esporte
101,2026-07-04,830.47,Casa
101,2026-07-05,970.67,Tech
101,2026-07-05,270.49,Tech
101,2026-07-18,942.75,Casa
101,2026-07-09,1115.62,Tech
102,2026-06-18,265.53,Casa
102,2026-06-29,410.83,Moda
102,2026-08-25,216.25,Tech
102,2026-07-22,266.01,Esporte
102,2026-06-10,195.16,Casa
102,2026-08-29,253.21,Tech
102,2026-06-06,176.93,Moda
102,2026-06-09,80.73,Casa
102,2026-06-06,413.73,Casa
102,2026-08-06,94.86,Moda
102,2026-05-16,343.33,Moda
102,2026-08-16,305.66,Esporte
102,2026-07-22,168.83,Tech
102,2026-04-17,182.88,Esporte
102,2026-04-22,369.71,Tech
102,2026-07-09,171.59,Tech
102,2026-06-27,261.18,Tech
103,2026-05-12,337.99,Casa
103,2026-06-21,396.32,Casa
103,2026-06-06,187.99,Tech
103,2026-08-09,370.28,Casa
103,2026-06-27,339.68,Casa
103,2026-08-15,331.1,Esporte
103,2026-06-16,112.74,Tech
103,2026-04-17,86.11,Moda
103,2026-08-13,139.74,Tech
103,2026-04-28,352.33,Moda
103,2026-05-09,154.71,Tech
103,2026-06-28,207.33,Esporte
103,2026-07-19,266.87,Tech
103,2026-05-07,223.79,Casa
103,2026-08-25,242.95,Casa
103,2026-08-05,439.11,Moda
103,2026-06-08,196.61,Tech
104,2026-08-10,146.37,Moda
104,2026-06-26,155.86,Casa
104,2026-05-01,120.78,Tech
104,2026-05-26,186.65,Tech
104,2026-04-09,325.14,Tech
104,2026-08-16,204.27,Moda
104,2026-07-30,473.14,Moda
104,2026-05-31,307.72,Casa
104,2026-07-28,235.14,Moda
105,2026-08-22,206.91,Tech
105,2026-08-17,322.77,Casa
105,2026-08-14,278.24,Tech
106,2026-07-14,452.38,Esporte
106,2026-05-31,181.17,Esporte
106,2026-06-26,445.26,Tech
106,2026-08-07,358.73,Moda
106,2026-07-03,198.37,Esporte
106,2026-05-12,284.72,Tech
106,2026-05-07,313.23,Esporte
106,2026-08-09,249.97,Esporte
106,2026-05-02,467.7,Casa
106,2026-05-15,264.91,Tech
106,2026-07-15,108.52,Moda
106,2026-05-11,277.05,Moda
106,2026-04-12,104.06,Casa
106,2026-05-01,392.57,Esporte
106,2026-08-04,105.16,Esporte
106,2026-04-20,103.51,Casa
106,2026-04-24,443.16,Casa
106,2026-08-07,114.89,Moda
107,2025-07-27,230.14,Tech
107,2025-07-15,157.78,Moda
107,2026-07-13,93.39,Moda
107,2026-07-29,71.12,Esporte
107,2025-12-29,106.9,Tech
107,2025-10-15,209.77,Tech
107,2025-10-07,162.28,Tech
107,2025-11-30,208.59,Esporte
107,2025-09-26,197.28,Moda
108,2026-06-11,390.96,Moda
108,2026-07-17,373.9,Tech
108,2026-05-07,458.67,Tech
108,2026-05-09,171.13,Tech
108,2026-06-20,264.39,Casa
108,2026-07-14,207.87,Moda
108,2026-04-05,163.73,Tech
108,2026-05-22,90.51,Casa
108,2026-08-29,231.17,Esporte
108,2026-07-04,107.65,Moda
108,2026-04-24,438.37,Esporte
108,2026-07-09,340.91,Casa
108,2026-07-14,430.25,Casa
108,2026-06-14,499.82,Esporte
109,2026-08-12,59.53,Casa
109,2026-08-11,173.92,Tech
110,2026-08-17,298.41,Tech
110,2026-08-23,232.26,Moda
111,2025-11-18,182.44,Esporte
111,2026-06-23,107.88,Tech
111,2026-04-14,289.67,Casa
111,2026-06-23,299.6,Casa
111,2025-11-08,123.52,Tech
111,2026-06-08,100.92,Casa
111,2026-07-22,192.25,Esporte
111,2025-07-24,146.32,Casa
111,2026-06-16,288.8,Moda
112,2026-08-06,153.25,Tech
112,2026-08-24,275.03,Tech
112,2026-04-07,235.9,Casa
113,2026-08-14,302.34,Moda
113,2026-04-23,324.89,Esporte
113,2026-07-01,289.83,Moda
113,2026-04-21,484.2,Casa
113,2026-05-13,111.93,Moda
113,2026-04-08,240.44,Moda
113,2026-07-03,253.06,Moda
113,2026-08-14,374.44,Tech
113,2026-05-04,169.18,Moda
113,2026-08-30,266.86,Moda
113,2026-07-17,275.51,Moda
113,2026-07-04,490.85,Tech
113,2026-07-10,307.87,Esporte
113,2026-07-29,458.04,Casa
114,2026-08-08,249.0,Moda
114,2026-08-24,349.3,Casa
114,2026-08-15,83.93,Casa
115,2025-10-06,60.23,Esporte
115,2026-03-15,190.01,Moda
115,2026-03-09,223.15,Esporte
115,2026-03-24,85.61,Esporte
115,2025-09-12,44.58,Casa
115,2026-02-12,136.12,Moda
115,2025-11-24,206.94,Casa
115,2025-09-06,193.97,Casa
116,2026-08-16,99.02,Tech
116,2026-08-03,304.9,Tech
116,2026-08-20,319.13,Esporte
117,2026-08-28,289.52,Casa
118,2026-08-17,253.74,Casa
118,2026-08-21,501.88,Casa
118,2026-08-31,272.74,Tech
118,2026-07-04,334.07,Casa
118,2026-08-23,696.38,Tech
118,2026-07-30,581.49,Moda
118,2026-08-06,960.15,Moda
118,2026-08-11,302.23,Tech
118,2026-08-16,404.34,Tech
118,2026-08-28,842.85,Moda
118,2026-08-24,1002.15,Moda
118,2026-08-11,726.67,Casa
118,2026-08-20,824.92,Tech
118,2026-07-15,396.23,Esporte
118,2026-08-08,530.39,Tech
118,2026-08-18,545.81,Tech
118,2026-07-12,698.83,Tech
118,2026-07-26,394.64,Esporte
118,2026-07-12,695.01,Casa
118,2026-07-24,338.66,Esporte
118,2026-07-27,663.7,Tech
118,2026-08-20,1136.91,Casa
118,2026-08-26,1047.95,Esporte
118,2026-08-17,963.3,Esporte
118,2026-07-30,756.49,Tech
118,2026-08-31,467.35,Tech
118,2026-08-18,737.15,Casa
118,2026-07-23,931.98,Esporte
118,2026-07-24,432.72,Casa
118,2026-08-19,1186.94,Moda
118,2026-08-24,399.48,Casa
118,2026-08-03,982.76,Moda
118,2026-08-07,549.68,Moda
118,2026-08-29,985.9,Moda
118,2026-08-27,528.79,Moda
118,2026-07-31,474.53,Casa
118,2026-07-04,847.97,Casa
118,2026-08-03,278.72,Moda
118,2026-08-25,995.76,Moda
118,2026-07-20,930.51,Moda
118,2026-07-14,321.19,Tech
118,2026-07-24,617.68,Esporte
119,2026-07-12,885.1,Casa
119,2026-08-04,552.33,Esporte
119,2026-07-03,926.72,Moda
119,2026-07-29,674.5,Moda
119,2026-07-24,298.5,Esporte
119,2026-08-27,854.97,Moda
119,2026-08-24,285.51,Casa
119,2026-08-28,692.57,Tech
119,2026-08-13,874.75,Moda
119,2026-08-05,743.82,Casa
119,2026-08-07,912.57,Tech
119,2026-08-30,523.63,Casa
119,2026-07-30,351.22,Tech
119,2026-08-12,405.78,Esporte
119,2026-08-22,477.67,Esporte
119,2026-07-15,1016.57,Moda
119,2026-08-09,367.11,Casa
119,2026-08-03,1173.16,Tech
119,2026-08-27,496.59,Esporte
119,2026-08-02,465.15,Casa
119,2026-07-25,1020.33,Esporte
119,2026-08-07,930.24,Casa
119,2026-07-16,433.98,Esporte
119,2026-08-26,1074.05,Moda
119,2026-07-12,485.53,Moda
119,2026-07-31,695.75,Casa
119,2026-07-09,834.59,Moda
119,2026-08-21,942.91,Moda
120,2026-05-17,103.68,Tech
120,2026-07-04,321.45,Tech
120,2026-06-28,334.74,Tech
120,2026-06-10,175.73,Moda
120,2026-06-25,478.84,Moda
120,2026-05-29,339.49,Esporte
120,2026-05-28,199.26,Casa
120,2026-08-29,462.0,Esporte
120,2026-04-09,397.35,Casa
120,2026-08-19,496.07,Casa
120,2026-07-25,421.47,Moda
120,2026-04-25,355.49,Esporte
120,2026-05-13,432.68,Casa
120,2026-07-02,306.43,Moda
120,2026-08-18,225.02,Casa
120,2026-06-12,449.11,Casa
120,2026-04-16,354.03,Tech
120,2026-04-14,491.26,Moda
121,2025-07-28,234.71,Casa
121,2025-08-24,128.51,Casa
121,2026-07-31,66.1,Moda
121,2026-08-19,274.79,Tech
121,2026-05-08,136.21,Tech
121,2025-12-21,232.69,Casa
121,2026-01-08,206.42,Moda
121,2025-07-18,163.93,Esporte
121,2026-03-27,206.04,Esporte
122,2026-08-13,271.72,Moda
122,2026-08-26,229.97,Tech
122,2026-08-02,183.84,Tech
123,2026-07-10,232.19,Moda
123,2026-08-01,355.01,Tech
123,2026-05-06,328.17,Esporte
123,2026-08-26,381.34,Esporte
123,2026-08-09,157.2,Moda
123,2026-04-23,411.32,Moda
123,2026-08-07,173.38,Tech
123,2026-07-07,234.02,Esporte
123,2026-07-23,239.85,Tech
123,2026-05-18,164.72,Moda
123,2026-06-09,296.53,Casa
124,2025-08-12,170.08,Casa
124,2025-10-27,288.73,Casa
124,2026-05-31,44.56,Tech
124,2025-11-14,134.05,Tech
124,2026-05-18,171.28,Casa
124,2025-12-14,160.22,Casa
124,2025-11-19,95.48,Casa
124,2025-10-13,153.95,Tech
124,2026-01-27,75.43,Moda
124,2025-10-27,111.76,Esporte
125,2026-05-05,102.75,Tech
125,2026-06-06,459.36,Casa
125,2026-07-03,306.2,Casa
125,2026-04-22,425.2,Casa
125,2026-07-19,459.74,Casa
125,2026-04-05,383.04,Tech
125,2026-05-06,379.08,Casa
125,2026-06-24,431.14,Esporte
125,2026-04-24,102.07,Tech
125,2026-05-11,445.09,Tech
125,2026-04-11,364.61,Casa
125,2026-06-12,273.19,Casa
125,2026-04-15,221.14,Casa
125,2026-07-13,175.62,Esporte
125,2026-06-02,339.65,Moda
125,2026-06-14,148.01,Casa
126,2026-06-21,90.21,Moda
126,2026-06-30,171.19,Casa
126,2026-01-31,164.73,Esporte
127,2026-04-13,162.57,Casa
127,2026-01-03,193.91,Casa
127,2025-12-19,83.99,Tech
127,2026-03-05,222.35,Tech
127,2026-02-07,66.11,Esporte
127,2026-03-14,131.52,Esporte
127,2025-10-06,79.6,Tech
127,2026-08-11,260.87,Esporte
127,2026-03-04,172.32,Esporte
128,2026-06-13,184.1,Tech
128,2025-09-15,77.78,Moda
128,2025-09-19,261.41,Moda
128,2025-11-03,188.57,Casa
128,2026-03-11,248.27,Casa
128,2025-11-24,183.5,Casa
129,2026-08-24,319.26,Tech
130,2026-08-04,198.71,Moda
130,2026-07-30,318.54,Moda
130,2026-07-28,209.59,Moda
130,2026-08-02,84.88,Moda
131,2026-08-24,136.33,Esporte
131,2026-07-29,134.34,Tech
131,2026-04-13,271.73,Moda
131,2025-07-08,168.71,Esporte
131,2026-08-21,59.69,Casa
131,2026-08-02,231.55,Casa
132,2026-07-05,172.1,Esporte
132,2026-06-26,131.24,Tech
132,2026-07-27,311.38,Tech
132,2026-07-25,262.29,Casa
132,2026-08-22,394.18,Esporte
132,2026-05-16,119.13,Casa
132,2026-07-31,490.25,Tech
132,2026-08-11,103.5,Tech
132,2026-08-23,89.15,Casa
132,2026-08-04,274.61,Tech
132,2026-07-17,162.93,Moda
132,2026-07-13,231.47,Esporte
133,2026-08-06,125.99,Casa
133,2026-08-02,342.38,Casa
133,2026-08-22,103.97,Casa
133,2026-08-10,237.81,Tech
134,2025-10-18,216.98,Tech
134,2025-07-28,154.29,Tech
134,2026-01-13,154.14,Tech
134,2025-10-29,204.67,Esporte
134,2025-12-14,285.27,Tech
134,2025-07-26,185.81,Casa
134,2025-12-21,85.51,Esporte
134,2026-06-13,219.58,Tech
134,2025-12-19,248.54,Tech
134,2025-07-20,134.11,Casa
135,2026-03-15,289.59,Casa
135,2026-03-24,272.71,Casa
135,2026-04-17,298.31,Casa
135,2025-07-23,212.68,Tech
135,2025-11-09,218.88,Moda
135,2025-10-08,236.96,Moda
135,2025-07-18,198.83,Casa
135,2025-11-12,262.99,Esporte
136,2026-08-01,329.06,Tech
137,2026-08-11,320.8,Moda
137,2026-04-04,293.19,Tech
137,2026-08-10,327.37,Casa
137,2026-08-06,238.11,Tech
137,2026-05-13,265.56,Moda
137,2026-08-12,386.74,Moda
137,2026-08-08,94.99,Moda
137,2026-07-09,107.32,Moda
137,2026-06-22,408.47,Casa
137,2026-04-24,476.09,Esporte
137,2026-04-08,370.92,Moda
137,2026-05-08,350.09,Moda
137,2026-05-22,367.04,Esporte
137,2026-08-02,99.46,Casa
138,2026-07-29,271.08,Casa
139,2026-08-17,127.91,Tech
139,2026-08-04,193.37,Tech
139,2026-08-27,305.42,Tech
139,2026-08-19,189.37,Esporte
140,2026-08-14,576.06,Casa
140,2026-08-24,862.95,Tech
140,2026-07-22,426.64,Moda
140,2026-08-11,406.03,Casa
140,2026-08-02,1064.68,Casa
140,2026-08-16,496.59,Tech
140,2026-08-18,403.02,Moda
140,2026-07-14,309.93,Esporte
140,2026-07-29,843.41,Esporte
140,2026-08-19,343.42,Esporte
140,2026-07-12,547.12,Tech
140,2026-07-16,614.36,Esporte
140,2026-08-02,1031.77,Casa
140,2026-07-04,495.86,Tech
140,2026-07-28,552.34,Casa
140,2026-07-05,380.24,Esporte
140,2026-08-02,718.5,Moda
140,2026-07-27,599.28,Esporte
140,2026-07-15,1175.41,Moda
140,2026-08-22,575.66,Tech
140,2026-08-09,610.72,Tech
140,2026-08-24,723.74,Moda
140,2026-08-11,615.78,Casa
140,2026-08-12,981.93,Moda
140,2026-08-19,685.39,Moda
140,2026-08-03,848.01,Moda
140,2026-08-02,1151.93,Casa
140,2026-07-29,1160.23,Casa
140,2026-08-09,428.92,Casa
140,2026-08-13,528.42,Casa
140,2026-07-18,1174.24,Tech
140,2026-08-06,259.35,Tech
140,2026-08-19,739.17,Tech
140,2026-07-15,1044.99,Tech
140,2026-07-20,522.36,Tech
140,2026-08-20,894.3,Tech
140,2026-08-15,296.78,Esporte
140,2026-08-27,1170.61,Moda
140,2026-07-06,790.05,Tech
140,2026-07-31,644.95,Casa
140,2026-09-01,794.44,Casa
140,2026-07-06,1040.67,Tech
140,2026-08-19,1135.47,Moda
141,2026-08-07,347.8,Tech
141,2026-08-28,228.97,Esporte
141,2026-08-25,298.88,Moda
141,2026-07-31,94.38,Moda
142,2026-08-29,1193.9,Esporte
142,2026-08-22,603.21,Moda
142,2026-07-28,376.73,Moda
142,2026-08-16,766.35,Casa
142,2026-08-22,394.08,Tech
142,2026-07-26,1007.01,Tech
142,2026-08-22,543.82,Tech
142,2026-07-28,721.75,Esporte
142,2026-07-29,962.54,Tech
142,2026-08-17,651.53,Casa
142,2026-07-04,968.99,Casa
142,2026-07-06,1032.78,Casa
142,2026-07-14,337.95,Esporte
142,2026-07-26,618.15,Moda
142,2026-08-02,976.86,Casa
142,2026-07-21,1192.94,Tech
142,2026-08-04,1188.4,Casa
142,2026-07-04,285.73,Casa
142,2026-08-20,316.03,Tech
142,2026-07-14,565.05,Tech
143,2026-08-05,276.35,Tech
144,2025-09-15,80.22,Moda
144,2026-01-23,124.32,Tech
144,2025-09-05,173.52,Casa
144,2025-11-05,51.81,Tech
144,2025-08-21,208.49,Casa
145,2026-07-31,287.64,Tech
145,2026-08-26,744.87,Casa
145,2026-07-31,634.21,Casa
145,2026-07-21,449.0,Moda
145,2026-07-21,681.17,Casa
145,2026-07-06,693.73,Casa
145,2026-07-21,628.45,Casa
145,2026-08-06,333.42,Moda
145,2026-08-09,568.22,Moda
145,2026-07-21,887.13,Casa
145,2026-08-30,630.72,Esporte
145,2026-08-28,397.94,Tech
145,2026-08-29,765.86,Moda
145,2026-07-05,847.02,Esporte
145,2026-07-31,896.43,Moda
145,2026-08-20,344.24,Esporte
145,2026-07-27,1018.33,Moda
145,2026-08-28,1137.2,Esporte
145,2026-08-24,384.23,Esporte
145,2026-08-05,370.7,Tech
145,2026-07-19,425.6,Tech
145,2026-07-13,929.51,Tech
145,2026-08-25,1011.67,Casa
145,2026-08-29,459.95,Moda
145,2026-08-10,412.02,Moda
145,2026-08-06,926.61,Moda
145,2026-08-22,1179.25,Esporte
145,2026-08-21,253.42,Tech
145,2026-07-29,939.8,Casa
146,2026-06-27,381.07,Tech
146,2026-05-27,118.62,Casa
146,2026-09-01,144.26,Moda
146,2026-08-11,447.35,Moda
146,2026-04-11,443.35,Esporte
146,2026-04-10,303.94,Moda
146,2026-04-22,165.75,Moda
146,2026-07-31,236.95,Casa
146,2026-06-22,357.0,Casa
146,2026-04-26,89.4,Esporte
146,2026-07-16,98.32,Moda
146,2026-06-23,129.94,Esporte
146,2026-05-29,297.31,Casa
146,2026-04-24,307.86,Moda
146,2026-06-18,248.85,Tech
146,2026-06-28,282.68,Casa
146,2026-05-09,442.1,Moda
146,2026-05-08,230.97,Moda
147,2026-05-14,354.93,Moda
147,2026-05-31,371.27,Moda
147,2026-04-14,105.57,Moda
147,2026-05-20,93.59,Moda
147,2026-07-05,222.97,Esporte
147,2026-08-05,382.25,Casa
147,2026-04-30,122.88,Casa
147,2026-06-24,456.46,Tech
147,2026-07-30,456.06,Esporte
147,2026-05-12,201.2,Casa
147,2026-06-13,144.64,Casa
148,2026-06-22,105.48,Casa
148,2026-06-09,95.41,Casa
148,2026-08-19,259.43,Casa
148,2026-07-25,404.55,Moda
148,2026-04-24,130.12,Moda
148,2026-05-12,294.41,Moda
148,2026-08-27,244.62,Casa
148,2026-05-27,408.47,Moda
148,2026-08-03,399.72,Moda
148,2026-07-31,365.42,Casa
148,2026-07-11,88.56,Casa
148,2026-06-18,121.3,Casa
148,2026-07-04,277.94,Moda
149,2026-07-27,559.07,Tech
149,2026-07-31,687.21,Casa
149,2026-08-19,668.48,Esporte
149,2026-07-05,595.05,Casa
149,2026-08-25,565.33,Esporte
149,2026-08-17,871.19,Esporte
149,2026-08-17,566.84,Casa
149,2026-08-08,852.0,Moda
149,2026-08-15,695.92,Esporte
149,2026-08-03,1187.66,Tech
149,2026-07-21,611.3,Casa
149,2026-07-25,843.69,Esporte
149,2026-07-28,1158.43,Casa
149,2026-07-12,1158.36,Moda
149,2026-07-15,965.05,Esporte
149,2026-07-03,1193.34,Tech
149,2026-08-13,688.76,Casa
149,2026-07-19,252.03,Tech
149,2026-07-06,336.43,Moda
149,2026-09-01,660.96,Esporte
149,2026-08-14,1123.16,Moda
150,2026-08-26,203.18,Esporte
150,2026-08-25,161.54,Casa
151,2026-06-02,436.12,Moda
151,2026-06-21,399.82,Moda
151,2026-08-03,233.74,Moda
151,2026-07-28,217.94,Tech
151,2026-06-07,147.79,Tech
151,2026-06-01,173.35,Tech
151,2026-07-22,499.35,Casa
151,2026-04-18,267.46,Esporte
151,2026-06-27,177.74,Esporte
151,2026-07-21,429.4,Moda
151,2026-08-18,92.08,Casa
151,2026-06-11,366.57,Tech
151,2026-04-27,309.23,Casa
151,2026-04-16,152.66,Casa
152,2026-04-26,137.19,Casa
152,2026-04-24,445.26,Moda
152,2026-04-14,304.37,Esporte
152,2026-08-04,136.6,Moda
152,2026-06-16,365.02,Casa
152,2026-05-11,392.05,Moda
152,2026-04-09,133.04,Moda
152,2026-04-28,268.36,Casa
152,2026-08-17,354.19,Tech
152,2026-08-12,336.98,Tech
152,2026-04-23,385.8,Moda
152,2026-08-15,154.42,Tech
153,2026-07-07,468.28,Tech
153,2026-07-10,1034.76,Esporte
153,2026-07-29,476.72,Casa
153,2026-08-20,548.33,Moda
153,2026-07-25,274.73,Moda
153,2026-08-09,312.78,Tech
153,2026-08-31,842.94,Tech
153,2026-08-29,401.7,Moda
153,2026-07-21,514.81,Tech
153,2026-07-08,444.65,Esporte
153,2026-07-25,1006.01,Moda
153,2026-07-28,1130.17,Tech
153,2026-07-17,522.0,Moda
153,2026-08-27,1151.52,Esporte
153,2026-07-24,820.63,Casa
153,2026-08-08,914.35,Esporte
153,2026-08-08,996.76,Esporte
153,2026-07-10,436.87,Casa
153,2026-08-15,507.21,Casa
153,2026-08-24,910.28,Esporte
153,2026-08-30,462.87,Casa
153,2026-08-04,1156.35,Moda
153,2026-08-03,734.36,Esporte
153,2026-08-31,842.98,Moda
153,2026-08-07,449.25,Moda
153,2026-08-01,945.58,Esporte
153,2026-08-22,748.42,Casa
153,2026-08-05,1122.62,Esporte
153,2026-07-31,449.14,Casa
153,2026-07-22,936.35,Moda
153,2026-07-27,1021.82,Tech
153,2026-08-16,512.17,Tech
153,2026-08-02,517.81,Casa
153,2026-08-12,665.51,Tech
153,2026-07-08,1008.74,Moda
153,2026-07-13,1039.18,Casa
153,2026-07-19,988.37,Moda
153,2026-07-20,1069.63,Esporte
153,2026-07-11,693.72,Esporte
154,2026-07-24,253.02,Casa
154,2026-06-12,172.9,Esporte
154,2026-05-25,196.58,Tech
154,2026-07-17,383.2,Casa
154,2026-07-22,279.52,Casa
154,2026-05-12,351.23,Esporte
154,2026-08-07,87.02,Casa
154,2026-05-11,96.09,Tech
154,2026-04-17,262.84,Moda
155,2026-07-19,352.25,Moda
155,2026-08-06,281.57,Tech
155,2026-07-23,370.33,Casa
155,2026-06-29,311.29,Tech
155,2026-08-17,432.35,Tech
155,2026-07-13,184.33,Tech
155,2026-06-28,186.12,Tech
155,2026-06-26,285.53,Moda
155,2026-09-01,206.05,Esporte
155,2026-07-06,236.05,Esporte
155,2026-08-03,396.83,Tech
155,2026-08-03,218.3,Tech
155,2026-05-09,372.81,Tech
155,2026-07-06,167.79,Tech
155,2026-06-13,397.91,Esporte
155,2026-04-18,244.83,Moda
155,2026-05-18,110.53,Esporte
156,2025-08-10,163.76,Casa
156,2026-02-05,275.47,Esporte
156,2026-05-16,211.84,Casa
156,2026-01-08,287.73,Casa
156,2025-11-20,172.24,Tech
156,2026-07-23,218.1,Esporte
156,2026-08-28,43.45,Esporte
156,2025-10-13,81.03,Casa
156,2026-01-04,252.64,Moda
156,2026-01-22,225.3,Casa
157,2026-05-24,355.83,Moda
157,2026-08-27,240.42,Moda
157,2026-04-21,330.83,Moda
157,2026-08-15,133.83,Tech
157,2026-06-20,98.08,Moda
157,2026-06-15,414.11,Casa
157,2026-08-03,118.51,Tech
157,2026-06-17,90.57,Moda
157,2026-07-18,338.79,Esporte
157,2026-08-01,129.47,Esporte
157,2026-06-17,284.59,Esporte
157,2026-05-26,124.82,Casa
157,2026-05-27,486.9,Moda
157,2026-05-02,351.43,Esporte
157,2026-05-24,298.02,Moda
157,2026-08-04,326.24,Esporte
157,2026-06-26,447.05,Casa
157,2026-07-24,265.0,Moda
158,2026-07-30,101.39,Casa
158,2026-08-15,319.21,Casa
159,2026-08-31,645.42,Tech
159,2026-07-24,672.13,Moda
159,2026-07-05,806.82,Tech
159,2026-08-26,1127.93,Tech
159,2026-08-07,536.46,Tech
159,2026-07-12,606.69,Casa
159,2026-07-12,699.7,Tech
159,2026-08-31,393.56,Casa
159,2026-07-23,327.42,Tech
159,2026-07-28,434.76,Tech
159,2026-08-24,525.14,Esporte
159,2026-08-04,489.28,Casa
159,2026-08-12,1047.61,Tech
159,2026-07-27,955.08,Tech
159,2026-07-29,1147.33,Esporte
159,2026-08-13,817.76,Tech
159,2026-08-26,656.49,Casa
159,2026-07-26,1046.4,Moda
159,2026-07-20,722.04,Casa
159,2026-07-27,665.24,Moda
159,2026-08-03,806.39,Moda
159,2026-07-28,511.07,Tech
159,2026-08-26,1011.12,Esporte
159,2026-08-11,467.43,Tech
159,2026-08-12,733.34,Moda
159,2026-07-17,542.66,Casa
159,2026-08-06,1118.07,Moda
159,2026-07-25,1182.0,Casa
159,2026-08-05,1146.11,Moda
159,2026-07-03,1023.61,Casa
159,2026-08-24,1197.64,Casa
159,2026-07-12,1019.41,Tech
159,2026-08-27,494.48,Casa
159,2026-08-09,496.16,Casa
159,2026-08-07,689.43,Tech
159,2026-08-13,877.63,Tech
159,2026-08-21,701.86,Esporte
160,2026-08-07,621.49,Esporte
160,2026-08-20,605.87,Moda
160,2026-08-07,875.48,Esporte
160,2026-07-31,625.93,Esporte
160,2026-07-03,383.82,Moda
160,2026-07-28,692.3,Tech
160,2026-08-17,898.87,Tech
160,2026-07-18,780.54,Casa
160,2026-07-10,591.44,Moda
160,2026-07-06,998.07,Esporte
160,2026-08-11,546.86,Moda
160,2026-07-12,1095.76,Casa
160,2026-07-09,768.6,Casa
160,2026-08-22,334.16,Casa
160,2026-08-02,569.74,Tech
160,2026-07-30,397.04,Casa
160,2026-07-09,1021.68,Moda
160,2026-08-13,328.03,Casa
160,2026-08-07,1123.02,Esporte
160,2026-08-18,610.91,Tech
160,2026-08-04,1068.45,Esporte
160,2026-07-13,250.41,Casa
160,2026-08-07,490.34,Tech
160,2026-07-26,344.57,Esporte
160,2026-07-26,883.43,Tech
160,2026-08-17,675.99,Casa
161,2026-07-27,1189.98,Tech
161,2026-07-15,1055.74,Tech
161,2026-07-23,925.46,Esporte
161,2026-07-28,389.15,Esporte
161,2026-08-23,1100.3,Esporte
161,2026-08-15,578.43,Casa
161,2026-08-20,335.49,Moda
161,2026-07-25,662.03,Casa
161,2026-07-12,525.18,Moda
161,2026-08-29,1131.45,Moda
161,2026-07-31,347.01,Moda
161,2026-08-16,921.06,Moda
161,2026-07-21,510.39,Esporte
161,2026-07-14,747.65,Esporte
161,2026-08-03,693.74,Moda
161,2026-07-05,354.31,Casa
161,2026-07-12,357.69,Casa
161,2026-08-19,378.95,Esporte
161,2026-07-21,567.62,Moda
161,2026-07-17,673.34,Tech
161,2026-07-23,1045.63,Tech
161,2026-08-21,673.72,Tech
161,2026-08-04,279.34,Esporte
161,2026-07-16,641.46,Tech
161,2026-08-06,470.38,Casa
161,2026-07-14,297.57,Esporte
161,2026-08-17,572.41,Esporte
161,2026-08-06,625.33,Tech
161,2026-08-12,285.43,Esporte
161,2026-08-20,460.44,Tech
161,2026-08-31,339.08,Tech
162,2025-09-09,168.19,Moda
162,2026-07-13,192.33,Moda
162,2026-08-26,289.25,Moda
162,2026-02-04,201.38,Tech
162,2025-12-20,181.0,Esporte
162,2026-07-10,167.92,Esporte
162,2025-09-29,66.57,Esporte
162,2025-07-19,171.2,Tech
162,2026-07-04,230.25,Esporte
163,2026-08-06,249.51,Moda
164,2026-07-06,1102.65,Moda
164,2026-07-27,695.11,Tech
164,2026-08-14,847.22,Tech
164,2026-08-11,541.57,Casa
164,2026-07-04,1034.52,Esporte
164,2026-07-05,1092.73,Tech
164,2026-08-05,686.98,Casa
164,2026-07-24,946.99,Moda
164,2026-07-23,1107.36,Tech
164,2026-07-18,525.04,Tech
164,2026-08-23,554.36,Tech
164,2026-07-15,1000.77,Tech
164,2026-07-05,865.77,Moda
164,2026-08-17,946.11,Casa
164,2026-07-16,919.53,Moda
164,2026-07-24,807.37,Tech
164,2026-08-17,667.38,Esporte
164,2026-07-03,578.77,Esporte
164,2026-08-21,1051.99,Moda
164,2026-07-04,602.16,Moda
164,2026-07-13,718.4,Tech
164,2026-08-22,1046.41,Tech
164,2026-08-07,1043.65,Tech
164,2026-08-12,563.04,Casa
164,2026-08-08,377.11,Moda
164,2026-07-29,915.72,Tech
164,2026-07-09,1011.4,Casa
164,2026-08-01,1029.43,Tech
164,2026-08-19,1092.94,Casa
164,2026-07-12,541.87,Tech
164,2026-08-29,1073.97,Moda
164,2026-08-26,1103.42,Casa
164,2026-07-14,666.13,Moda
164,2026-07-10,372.92,Casa
164,2026-08-12,920.88,Esporte
165,2026-04-09,268.17,Moda
165,2026-04-16,157.05,Moda
165,2026-07-25,181.76,Tech
165,2026-08-01,164.71,Moda
165,2026-08-31,208.66,Tech
165,2026-06-21,466.41,Esporte
165,2026-04-16,147.03,Tech
165,2026-08-09,226.58,Casa
165,2026-07-22,167.1,Tech
165,2026-08-09,461.73,Esporte
165,2026-08-11,132.79,Esporte
165,2026-08-19,446.9,Esporte
165,2026-05-09,129.02,Esporte
165,2026-06-06,164.47,Esporte
165,2026-06-05,409.44,Moda
165,2026-07-31,448.19,Tech
165,2026-06-19,255.81,Moda
165,2026-08-02,169.94,Moda
166,2026-05-28,264.64,Esporte
166,2026-03-30,138.76,Tech
166,2026-07-03,156.91,Esporte
166,2026-01-26,106.66,Moda
166,2026-02-11,66.81,Casa
166,2025-12-14,152.44,Tech
167,2026-03-10,137.79,Tech
167,2025-11-20,205.5,Tech
167,2026-02-13,211.62,Moda
167,2026-02-03,173.89,Moda
167,2026-03-19,155.96,Esporte
167,2026-04-07,277.18,Esporte
167,2025-10-23,290.74,Casa
167,2026-06-05,279.48,Tech
168,2026-04-14,260.44,Esporte
168,2026-02-22,267.83,Casa
169,2026-01-05,298.85,Casa
169,2025-09-09,248.02,Tech
170,2026-08-18,544.66,Casa
170,2026-08-06,603.02,Esporte
170,2026-07-23,661.66,Esporte
170,2026-08-26,464.5,Moda
170,2026-07-30,359.12,Esporte
170,2026-07-15,1183.33,Esporte
170,2026-07-21,583.46,Esporte
170,2026-07-23,413.17,Esporte
170,2026-08-11,487.53,Moda
170,2026-08-01,944.76,Tech
170,2026-08-01,784.92,Casa
170,2026-07-21,301.01,Casa
170,2026-08-29,578.53,Tech
170,2026-07-07,454.73,Esporte
170,2026-07-14,533.75,Esporte
170,2026-07-29,322.93,Tech
170,2026-08-21,884.17,Tech
170,2026-08-08,395.17,Moda
170,2026-08-09,313.59,Moda
170,2026-07-22,656.64,Tech
170,2026-08-30,324.88,Moda
170,2026-08-30,1068.16,Esporte
170,2026-07-23,940.53,Moda
170,2026-08-04,1185.32,Moda
170,2026-08-21,694.35,Casa
170,2026-07-11,974.48,Moda
170,2026-07-15,1016.5,Esporte
170,2026-07-15,783.71,Casa
170,2026-08-13,1175.08,Moda
170,2026-07-29,474.36,Tech
170,2026-07-28,567.72,Casa
170,2026-07-24,1050.95,Tech
170,2026-09-01,672.41,Esporte
170,2026-07-13,850.82,Moda
170,2026-08-13,724.19,Casa
170,2026-08-13,448.02,Moda
170,2026-07-28,972.58,Moda
170,2026-07-11,911.88,Esporte
170,2026-08-27,1187.2,Tech
170,2026-07-27,1083.43,Tech
171,2025-12-21,94.14,Casa
171,2025-12-25,295.49,Esporte
171,2025-08-03,271.09,Moda
171,2026-01-03,242.14,Moda
171,2026-04-05,213.06,Casa
171,2025-10-11,237.1,Casa
171,2026-04-09,179.14,Casa
172,2026-05-23,224.05,Tech
172,2026-06-18,226.36,Casa
172,2026-04-07,141.64,Esporte
172,2026-06-20,129.04,Casa
172,2026-08-08,207.43,Esporte
172,2026-06-24,349.81,Esporte
172,2026-06-21,401.25,Moda
172,2026-06-28,356.51,Tech
172,2026-07-07,218.64,Moda
172,2026-07-13,414.96,Moda
172,2026-06-06,90.03,Moda
172,2026-06-21,85.69,Moda
173,2026-05-31,129.01,Moda
173,2026-06-06,130.21,Casa
173,2026-05-15,185.03,Esporte
173,2026-04-27,208.11,Tech
173,2026-06-06,256.71,Moda
173,2026-04-11,156.27,Esporte
173,2026-06-09,463.12,Casa
173,2026-06-27,335.5,Tech
173,2026-07-03,468.72,Casa
173,2026-08-24,162.76,Casa
173,2026-07-30,304.95,Esporte
174,2026-08-09,249.58,Casa
174,2026-08-18,177.57,Esporte
174,2026-08-20,63.54,Moda
174,2026-08-30,75.65,Moda
175,2026-08-23,737.47,Casa
175,2026-07-13,849.8,Casa
175,2026-07-08,607.22,Moda
175,2026-08-19,803.53,Moda
175,2026-08-02,325.05,Esporte
175,2026-08-11,996.0,Casa
175,2026-07-14,576.67,Esporte
175,2026-07-06,713.93,Casa
175,2026-07-29,727.49,Tech
175,2026-07-19,1056.34,Casa
175,2026-07-25,976.35,Moda
175,2026-08-23,347.24,Moda
175,2026-08-09,900.43,Esporte
175,2026-08-26,963.21,Tech
175,2026-08-13,1136.76,Esporte
175,2026-07-12,1013.04,Esporte
175,2026-08-15,1021.74,Moda
175,2026-07-11,767.86,Tech
175,2026-08-20,714.8,Tech
175,2026-08-19,1066.26,Esporte
175,2026-08-20,1175.58,Tech
175,2026-07-21,328.33,Tech
175,2026-07-25,370.09,Esporte
175,2026-08-04,1144.1,Moda
175,2026-08-15,1120.26,Esporte
175,2026-07-04,787.32,Tech
175,2026-08-15,379.85,Casa
175,2026-07-16,1069.28,Casa
175,2026-08-23,276.5,Moda
175,2026-08-24,712.39,Moda
175,2026-07-03,1103.07,Esporte
175,2026-08-06,912.52,Tech
175,2026-08-01,1156.03,Tech
175,2026-08-07,910.63,Esporte
175,2026-07-14,716.68,Casa
176,2025-12-18,267.79,Esporte
176,2026-04-12,109.2,Casa
176,2026-07-04,159.54,Moda
176,2025-11-14,65.47,Casa
177,2026-08-28,118.76,Casa
177,2026-06-13,175.98,Tech
177,2026-05-17,156.14,Tech
177,2026-05-02,283.43,Casa
177,2026-05-20,206.68,Casa
177,2026-07-27,313.03,Esporte
177,2026-05-04,150.46,Moda
177,2026-04-12,426.19,Moda
177,2026-08-02,387.35,Esporte
177,2026-08-05,129.27,Moda
178,2026-08-20,355.52,Tech
178,2026-04-28,322.57,Esporte
178,2026-04-08,102.51,Moda
178,2026-05-15,343.88,Tech
178,2026-05-14,180.87,Moda
178,2026-04-22,244.28,Esporte
178,2026-06-27,236.0,Tech
178,2026-05-12,87.11,Tech
178,2026-05-23,288.21,Casa
178,2026-08-02,234.14,Casa
178,2026-04-10,86.45,Tech
178,2026-06-20,445.47,Moda
178,2026-08-18,461.59,Casa
178,2026-07-02,268.29,Esporte
178,2026-05-11,242.73,Casa
178,2026-07-16,415.27,Moda
178,2026-08-03,226.8,Esporte
178,2026-07-26,486.61,Esporte
179,2026-05-11,359.57,Esporte
179,2026-07-30,121.87,Tech
179,2026-05-17,251.75,Tech
179,2026-04-04,176.15,Moda
179,2026-07-08,320.63,Moda
179,2026-08-09,264.63,Casa
179,2026-04-22,218.87,Tech
179,2026-06-10,446.26,Tech
179,2026-08-04,185.18,Casa
180,2026-08-04,87.27,Casa
181,2026-04-17,339.72,Moda
181,2026-06-28,463.11,Moda
181,2026-05-10,408.57,Casa
181,2026-06-18,190.04,Esporte
181,2026-07-09,461.42,Casa
181,2026-04-04,160.79,Casa
181,2026-07-09,384.57,Casa
181,2026-05-23,423.82,Moda
181,2026-05-21,438.2,Esporte
181,2026-07-24,405.17,Tech
181,2026-05-16,427.06,Moda
181,2026-07-18,490.68,Moda
182,2026-06-24,426.89,Casa
182,2026-06-01,499.39,Esporte
182,2026-04-23,301.2,Casa
182,2026-07-28,154.37,Moda
182,2026-04-15,191.38,Esporte
182,2026-07-16,108.96,Moda
182,2026-08-09,168.88,Moda
182,2026-04-14,289.73,Casa
182,2026-06-19,426.4,Moda
182,2026-08-19,373.21,Tech
182,2026-04-08,98.7,Casa
182,2026-04-10,188.39,Tech
182,2026-04-05,443.48,Casa
182,2026-07-02,285.29,Moda
183,2026-03-29,106.58,Tech
183,2026-02-10,209.8,Moda
184,2026-08-20,335.59,Moda
185,2026-08-15,233.03,Casa
185,2026-08-30,75.46,Esporte
185,2026-08-10,222.32,Esporte
186,2026-08-17,237.61,Moda
186,2026-08-21,223.2,Tech
186,2026-07-28,102.23,Casa
187,2026-07-31,192.91,Esporte
187,2026-08-03,99.62,Moda
187,2026-08-27,55.54,Moda
187,2026-08-23,57.7,Tech
187,2026-08-21,88.65,Moda
188,2026-07-20,400.01,Esporte
188,2026-07-22,397.53,Moda
188,2026-08-12,416.88,Esporte
188,2026-08-22,673.06,Casa
188,2026-08-24,537.87,Casa
188,2026-07-28,557.86,Casa
188,2026-08-07,601.33,Tech
188,2026-07-30,563.31,Esporte
188,2026-07-08,959.48,Tech
188,2026-07-15,963.71,Tech
188,2026-07-27,492.61,Tech
188,2026-08-23,1081.37,Moda
188,2026-07-08,637.12,Tech
188,2026-08-26,421.1,Esporte
188,2026-07-13,1150.06,Moda
188,2026-08-12,302.63,Moda
188,2026-07-19,368.72,Moda
188,2026-08-11,868.87,Esporte
188,2026-08-03,869.94,Tech
188,2026-08-11,538.88,Tech
188,2026-07-16,548.84,Tech
188,2026-08-10,925.67,Esporte
188,2026-07-20,1068.4,Moda
188,2026-08-04,510.07,Tech
188,2026-07-12,1074.67,Tech
188,2026-07-19,435.34,Esporte
188,2026-08-30,288.23,Moda
188,2026-07-28,1121.12,Casa
188,2026-08-06,1117.85,Tech
188,2026-08-24,1123.84,Tech
188,2026-07-20,381.82,Esporte
188,2026-07-22,842.02,Tech
188,2026-07-04,476.27,Casa
188,2026-09-01,937.13,Casa
188,2026-08-08,754.69,Casa
188,2026-08-22,1059.35,Esporte
189,2026-08-30,289.75,Casa
189,2025-09-18,122.15,Esporte
189,2025-07-20,49.06,Esporte
189,2026-06-29,218.01,Esporte
189,2026-06-27,186.31,Moda
189,2025-10-03,41.88,Esporte
190,2026-06-07,280.8,Esporte
190,2026-05-29,318.09,Tech
190,2026-04-28,99.03,Tech
190,2026-05-04,112.06,Esporte
190,2026-06-11,177.74,Esporte
190,2026-08-12,266.78,Esporte
190,2026-04-06,209.53,Moda
190,2026-04-30,489.7,Casa
191,2026-02-02,72.15,Moda
191,2025-09-02,72.8,Esporte
191,2025-09-25,256.96,Casa
192,2026-07-07,223.34,Esporte
192,2026-06-23,200.3,Tech
192,2026-04-19,255.78,Esporte
192,2026-06-17,399.39,Casa
192,2026-05-04,270.81,Moda
192,2026-05-22,96.84,Esporte
192,2026-06-11,158.17,Tech
192,2026-04-29,444.48,Casa
192,2026-06-24,235.07,Tech
192,2026-06-09,82.63,Moda
192,2026-06-04,242.69,Tech
193,2026-08-11,294.79,Casa
193,2026-08-21,287.22,Tech
193,2026-08-28,188.52,Moda
194,2026-08-06,80.91,Casa
194,2026-05-20,304.65,Moda
194,2026-06-29,304.68,Tech
194,2026-04-18,190.79,Moda
194,2026-08-14,322.57,Esporte
194,2026-04-07,187.83,Tech
194,2026-06-05,254.88,Moda
194,2026-06-28,86.84,Tech
194,2026-04-06,104.67,Esporte
194,2026-08-08,329.61,Moda
194,2026-08-14,303.6,Moda
194,2026-06-04,121.19,Tech
194,2026-05-07,268.73,Casa
194,2026-07-18,469.09,Moda
194,2026-04-22,222.85,Esporte
194,2026-06-29,251.74,Casa
195,2026-07-29,760.21,Tech
195,2026-08-23,1008.1,Esporte
195,2026-08-11,425.81,Esporte
195,2026-07-09,811.82,Esporte
195,2026-08-20,252.77,Tech
195,2026-07-11,927.55,Casa
195,2026-08-24,492.69,Casa
195,2026-07-18,254.93,Tech
195,2026-07-25,1053.93,Moda
195,2026-08-31,307.25,Moda
195,2026-08-17,479.57,Tech
195,2026-08-04,448.88,Tech
195,2026-07-23,909.8,Tech
195,2026-08-18,461.81,Esporte
195,2026-07-26,1186.77,Moda
195,2026-08-05,550.07,Esporte
195,2026-07-04,404.21,Esporte
195,2026-08-02,915.27,Moda
195,2026-08-08,1006.55,Casa
195,2026-07-29,346.46,Tech
196,2025-12-23,67.33,Casa
196,2025-09-24,246.92,Casa
196,2026-07-21,199.08,Esporte
196,2026-01-03,293.93,Esporte
196,2025-09-15,75.58,Esporte
196,2025-12-21,88.38,Esporte
196,2026-04-07,182.95,Casa
196,2026-03-17,136.84,Casa
196,2026-04-28,155.89,Esporte
196,2025-12-18,284.09,Esporte
197,2026-07-05,225.12,Moda
197,2026-08-16,109.85,Tech
197,2026-05-03,155.7,Esporte
197,2026-05-05,80.63,Tech
197,2026-04-06,95.37,Esporte
197,2026-07-15,91.35,Casa
197,2026-07-12,397.38,Moda
197,2026-05-19,216.65,Casa
197,2026-06-02,352.77,Casa
197,2026-04-16,471.44,Casa
197,2026-08-31,475.41,Moda
198,2026-07-21,534.09,Tech
198,2026-08-31,990.32,Esporte
198,2026-07-30,1043.86,Esporte
198,2026-08-10,1190.99,Tech
198,2026-07-05,853.09,Esporte
198,2026-08-23,808.48,Casa
198,2026-07-10,1042.03,Esporte
198,2026-08-12,792.58,Esporte
198,2026-08-31,523.06,Moda
198,2026-08-31,314.23,Tech
198,2026-07-06,669.71,Tech
198,2026-07-30,646.63,Tech
198,2026-07-13,939.51,Tech
198,2026-07-13,1089.63,Moda
198,2026-09-01,619.99,Casa
198,2026-08-07,1064.12,Tech
198,2026-07-20,558.7,Tech
198,2026-07-19,1183.73,Esporte
198,2026-07-19,982.58,Casa
198,2026-07-30,985.78,Tech
198,2026-08-27,417.4,Casa
199,2026-06-10,499.09,Esporte
199,2026-08-17,225.23,Casa
199,2026-04-26,498.93,Esporte
199,2026-07-13,374.79,Tech
199,2026-07-12,221.36,Esporte
199,2026-07-11,392.65,Casa
199,2026-06-14,97.24,Moda
199,2026-05-25,320.76,Esporte
199,2026-04-09,241.65,Tech
199,2026-08-08,124.4,Tech
200,2025-08-30,62.76,Tech
200,2026-05-19,49.55,Casa
201,2026-04-10,256.75,Casa
201,2026-06-25,225.08,Moda
201,2026-05-07,471.72,Casa
201,2026-05-10,190.96,Esporte
201,2026-08-17,439.58,Casa
201,2026-04-16,175.52,Moda
201,2026-04-07,359.12,Moda
201,2026-09-01,388.2,Casa
201,2026-08-14,126.99,Casa
201,2026-07-30,435.03,Casa
201,2026-04-28,147.33,Moda
201,2026-05-31,240.52,Casa
201,2026-05-01,81.04,Moda
201,2026-07-01,439.65,Casa
201,2026-05-18,190.56,Moda
201,2026-06-11,141.71,Moda
201,2026-04-28,358.3,Casa
202,2026-08-03,874.08,Esporte
202,2026-07-06,378.97,Esporte
202,2026-07-28,1188.98,Tech
202,2026-08-12,425.0,Casa
202,2026-07-23,822.22,Esporte
202,2026-07-30,315.39,Tech
202,2026-08-20,1045.68,Moda
202,2026-08-28,1092.1,Tech
202,2026-08-22,672.11,Tech
202,2026-08-20,785.4,Esporte
202,2026-08-15,1139.25,Moda
202,2026-08-07,795.46,Esporte
202,2026-08-18,490.43,Esporte
202,2026-08-26,653.49,Casa
202,2026-08-22,379.2,Moda
202,2026-08-23,858.23,Casa
202,2026-07-30,990.98,Casa
202,2026-08-01,757.96,Casa
202,2026-08-19,479.7,Casa
202,2026-08-07,323.15,Moda
202,2026-07-19,1092.14,Tech
202,2026-08-18,310.57,Tech
202,2026-08-31,890.33,Tech
202,2026-08-26,984.15,Casa
202,2026-07-04,809.79,Moda
202,2026-08-09,1149.02,Esporte
202,2026-07-27,652.03,Casa
202,2026-07-14,897.47,Tech
202,2026-08-13,972.0,Casa
202,2026-08-22,790.07,Esporte
202,2026-07-05,469.68,Esporte
202,2026-08-18,948.91,Tech
202,2026-08-01,996.92,Esporte
202,2026-07-18,504.93,Moda
202,2026-08-05,1009.95,Moda
203,2026-01-16,169.35,Tech
203,2025-10-02,162.24,Moda
204,2026-08-01,195.2,Tech
205,2026-05-11,487.54,Esporte
205,2026-04-26,196.37,Moda
205,2026-05-25,339.92,Esporte
205,2026-08-28,342.92,Tech
205,2026-05-31,198.14,Moda
205,2026-06-12,214.71,Esporte
205,2026-04-28,334.06,Tech
205,2026-07-25,135.72,Casa
205,2026-05-30,174.45,Moda
205,2026-05-26,134.9,Esporte
205,2026-04-05,321.74,Tech
205,2026-07-03,220.45,Tech
205,2026-07-27,304.43,Tech
205,2026-06-15,236.98,Esporte
205,2026-06-21,237.88,Moda
206,2026-04-22,455.43,Casa
206,2026-04-30,193.79,Esporte
206,2026-04-14,128.54,Casa
206,2026-05-04,414.23,Tech
206,2026-05-18,292.32,Moda
206,2026-08-14,129.25,Tech
206,2026-06-02,286.73,Casa
206,2026-05-04,112.95,Esporte
206,2026-05-30,188.28,Casa
206,2026-04-27,133.08,Casa
206,2026-07-12,321.0,Casa
206,2026-07-06,281.73,Esporte
207,2026-08-07,500.27,Casa
207,2026-07-31,1055.84,Moda
207,2026-07-08,350.95,Moda
207,2026-07-25,1060.05,Moda
207,2026-07-08,854.74,Casa
207,2026-07-22,380.17,Esporte
207,2026-08-24,696.51,Casa
207,2026-08-19,932.16,Moda
207,2026-08-13,521.05,Tech
207,2026-07-04,551.52,Esporte
207,2026-08-28,468.84,Moda
207,2026-08-04,398.34,Tech
207,2026-08-24,484.35,Casa
207,2026-07-07,1076.5,Casa
207,2026-08-26,548.3,Moda
207,2026-07-30,609.87,Casa
207,2026-08-21,395.56,Esporte
207,2026-09-01,983.74,Esporte
207,2026-08-26,311.95,Tech
207,2026-08-05,1195.68,Casa
207,2026-08-18,953.33,Tech
207,2026-08-18,473.54,Moda
207,2026-08-27,869.99,Esporte
208,2026-08-30,295.97,Casa
209,2026-07-26,959.0,Moda
209,2026-08-27,1038.9,Tech
209,2026-08-25,630.35,Moda
209,2026-08-29,473.59,Tech
209,2026-08-11,1071.23,Tech
209,2026-07-23,1002.31,Esporte
209,2026-08-17,819.06,Tech
209,2026-08-19,455.11,Casa
209,2026-09-01,829.96,Tech
209,2026-09-01,323.43,Casa
209,2026-08-16,795.11,Casa
209,2026-07-08,1121.19,Tech
209,2026-07-13,569.49,Casa
209,2026-07-28,1182.36,Tech
209,2026-08-21,826.29,Esporte
209,2026-07-14,731.71,Tech
209,2026-08-25,345.85,Casa
209,2026-07-22,297.13,Tech
209,2026-08-14,488.33,Esporte
209,2026-07-29,628.99,Esporte
209,2026-08-30,801.95,Casa
209,2026-08-28,787.19,Tech
209,2026-08-09,894.41,Esporte
209,2026-07-27,611.87,Esporte
209,2026-08-21,299.79,Moda
209,2026-07-26,699.68,Casa
209,2026-08-31,1075.72,Moda
209,2026-08-12,757.06,Esporte
209,2026-07-11,1072.15,Tech
209,2026-08-14,358.71,Casa
209,2026-07-31,277.65,Casa
209,2026-08-08,976.83,Esporte
209,2026-08-17,587.76,Moda
209,2026-08-24,1044.99,Moda
209,2026-08-17,543.89,Tech
210,2026-08-13,570.07,Esporte
210,2026-08-16,898.76,Casa
210,2026-08-08,596.74,Tech
210,2026-07-20,687.09,Tech
210,2026-08-25,456.25,Moda
210,2026-07-09,279.88,Esporte
210,2026-07-04,710.6,Esporte
210,2026-08-02,266.9,Moda
210,2026-08-14,280.08,Tech
210,2026-07-04,1149.14,Esporte
210,2026-09-01,555.62,Casa
210,2026-08-27,842.38,Esporte
210,2026-08-10,1130.77,Casa
210,2026-08-27,621.79,Moda
210,2026-07-19,611.92,Tech
210,2026-07-22,839.47,Tech
210,2026-08-30,613.85,Tech
210,2026-07-25,389.42,Moda
210,2026-08-25,894.68,Tech
210,2026-07-29,986.78,Casa
210,2026-07-18,1047.84,Tech
210,2026-08-15,690.3,Esporte
210,2026-08-11,890.66,Casa
210,2026-07-08,801.3,Moda
210,2026-09-01,362.67,Esporte
210,2026-07-07,1143.48,Moda
210,2026-08-21,965.46,Casa
210,2026-07-06,690.63,Tech
210,2026-07-06,873.76,Casa
210,2026-07-06,385.31,Tech
210,2026-08-28,996.89,Esporte
210,2026-07-04,592.12,Tech
210,2026-08-12,918.88,Casa
210,2026-07-13,1184.85,Casa
210,2026-08-01,763.43,Moda
210,2026-07-21,534.2,Casa
210,2026-08-03,785.6,Esporte
210,2026-08-13,929.0,Casa
210,2026-08-22,399.96,Esporte
210,2026-08-09,875.1,Tech
210,2026-07-15,507.91,Tech
211,2026-08-26,75.74,Esporte
211,2026-08-23,310.86,Moda
211,2026-08-29,349.81,Esporte
212,2025-12-08,191.82,Tech
212,2025-09-10,162.44,Moda
212,2026-04-05,261.41,Esporte
212,2025-12-23,73.42,Tech
212,2025-09-21,131.4,Tech
213,2026-08-28,246.14,Casa
213,2026-08-01,306.55,Moda
213,2026-08-04,291.42,Casa
213,2026-08-15,138.46,Casa
213,2026-08-16,53.44,Moda
214,2026-08-28,279.11,Moda
214,2026-08-01,180.63,Esporte
214,2026-08-28,65.88,Tech
214,2026-08-23,210.4,Esporte
214,2026-08-16,302.26,Tech
215,2026-08-11,132.97,Casa
216,2026-08-10,526.1,Tech
216,2026-08-03,974.31,Moda
216,2026-08-15,1062.05,Tech
216,2026-07-17,1052.75,Casa
216,2026-08-28,897.52,Casa
216,2026-08-08,1187.12,Moda
216,2026-07-25,601.23,Moda
216,2026-07-06,768.01,Casa
216,2026-09-01,997.52,Tech
216,2026-08-01,322.04,Moda
216,2026-07-31,699.1,Tech
216,2026-08-20,797.87,Casa
216,2026-08-29,552.56,Casa
216,2026-08-24,971.78,Moda
216,2026-07-11,1131.13,Casa
216,2026-07-03,586.07,Casa
216,2026-07-28,693.63,Casa
216,2026-07-08,571.45,Moda
216,2026-08-02,1065.9,Casa
216,2026-08-14,707.33,Tech
216,2026-08-29,308.58,Moda
216,2026-07-17,323.37,Casa
216,2026-08-10,1192.79,Moda
217,2026-08-19,848.94,Esporte
217,2026-07-28,687.16,Moda
217,2026-07-22,749.15,Esporte
217,2026-08-23,445.55,Tech
217,2026-07-12,635.87,Tech
217,2026-08-29,637.5,Casa
217,2026-07-09,1090.1,Tech
217,2026-07-22,772.41,Moda
217,2026-07-31,650.45,Esporte
217,2026-08-05,926.94,Moda
217,2026-08-07,1011.45,Moda
217,2026-08-29,1155.44,Casa
217,2026-07-18,375.94,Moda
217,2026-08-20,935.3,Tech
217,2026-08-10,892.78,Moda
217,2026-08-21,1130.89,Moda
217,2026-07-05,661.3,Moda
217,2026-07-29,756.75,Moda
217,2026-07-06,886.16,Esporte
217,2026-07-23,922.73,Moda
217,2026-08-18,683.75,Moda
217,2026-07-18,835.17,Esporte
217,2026-08-06,331.59,Tech
217,2026-08-02,389.36,Casa
217,2026-07-24,424.23,Moda
217,2026-08-18,1112.65,Casa
217,2026-07-12,483.46,Casa
217,2026-08-03,387.18,Moda
217,2026-08-27,1019.82,Esporte
217,2026-08-05,1073.27,Esporte
217,2026-07-16,337.07,Moda
217,2026-08-02,1148.78,Moda
217,2026-08-25,856.97,Tech
217,2026-08-07,985.3,Moda
217,2026-08-13,603.43,Moda
217,2026-08-31,449.38,Casa
217,2026-08-28,902.67,Casa
218,2026-08-22,301.45,Tech
218,2026-08-24,107.59,Moda
218,2026-08-14,234.74,Moda
218,2026-08-05,91.36,Casa
219,2026-05-21,71.69,Esporte
219,2025-11-11,191.35,Moda
219,2025-11-10,209.46,Tech
219,2026-07-25,94.34,Casa
219,2025-11-21,240.19,Tech
219,2026-07-23,80.56,Casa
220,2025-12-13,119.43,Tech
220,2026-05-06,96.4,Casa
220,2026-08-16,172.84,Esporte
220,2026-03-02,69.3,Esporte
221,2026-07-28,61.2,Tech
221,2026-08-08,314.87,Moda
221,2026-08-30,135.32,Casa
221,2026-08-08,329.03,Tech
222,2026-08-24,136.37,Casa
222,2026-04-10,292.2,Esporte
222,2026-08-27,429.92,Casa
222,2026-08-04,496.27,Esporte
222,2026-04-21,154.15,Esporte
222,2026-04-29,445.27,Tech
222,2026-07-09,430.75,Esporte
222,2026-08-11,171.05,Esporte
222,2026-08-13,326.26,Esporte
222,2026-07-07,97.88,Esporte
222,2026-07-19,243.94,Esporte
222,2026-08-11,378.94,Moda
222,2026-05-05,366.84,Esporte
222,2026-05-30,455.48,Casa
222,2026-06-27,287.26,Tech
222,2026-08-02,478.97,Moda
223,2026-08-01,1047.77,Esporte
223,2026-07-04,625.43,Esporte
223,2026-07-22,1046.77,Casa
223,2026-08-30,1178.58,Casa
223,2026-08-03,824.98,Casa
223,2026-08-27,285.03,Casa
223,2026-08-27,377.31,Esporte
223,2026-07-13,816.4,Moda
223,2026-07-03,947.0,Tech
223,2026-07-29,646.07,Casa
223,2026-08-06,424.74,Tech
223,2026-07-14,907.68,Tech
223,2026-07-29,710.06,Moda
223,2026-08-26,829.79,Casa
223,2026-08-09,961.74,Casa
223,2026-08-02,387.5,Esporte
223,2026-08-21,446.53,Casa
223,2026-08-04,644.19,Esporte
223,2026-08-07,262.92,Esporte
223,2026-08-18,1083.17,Esporte
223,2026-07-18,696.94,Esporte
223,2026-07-14,261.27,Moda
223,2026-08-14,997.68,Moda
223,2026-08-22,446.37,Tech
223,2026-08-27,445.13,Casa
223,2026-07-04,1058.66,Casa
223,2026-08-30,882.35,Moda
223,2026-08-21,880.91,Casa
223,2026-07-06,1198.47,Casa
223,2026-07-10,817.7,Tech
223,2026-07-21,743.96,Tech
223,2026-07-12,771.1,Moda
223,2026-07-28,957.47,Casa
223,2026-07-05,988.57,Casa
223,2026-08-06,426.24,Casa
223,2026-08-28,753.24,Tech
223,2026-08-14,1179.83,Tech
223,2026-07-15,751.69,Tech
223,2026-07-24,1016.69,Moda
223,2026-08-02,321.41,Casa
223,2026-08-22,703.73,Casa
224,2026-07-17,1056.76,Moda
224,2026-07-05,1154.43,Tech
224,2026-07-12,1157.51,Casa
224,2026-08-28,283.2,Tech
224,2026-08-22,433.88,Moda
224,2026-09-01,911.99,Casa
224,2026-08-10,548.14,Esporte
224,2026-08-24,578.78,Tech
224,2026-08-01,991.08,Tech
224,2026-08-22,719.79,Tech
224,2026-07-06,473.16,Casa
224,2026-08-22,456.12,Tech
224,2026-08-18,934.87,Moda
224,2026-07-24,273.02,Tech
224,2026-07-14,600.46,Moda
224,2026-08-27,592.1,Moda
224,2026-07-31,584.61,Casa
224,2026-07-04,911.24,Esporte
224,2026-07-26,935.43,Moda
224,2026-08-24,463.67,Tech
224,2026-08-23,850.23,Moda
224,2026-07-18,328.26,Tech
224,2026-08-02,738.71,Tech
224,2026-07-31,397.66,Moda
224,2026-08-01,445.87,Casa
224,2026-08-03,1100.08,Moda
224,2026-07-16,1086.16,Moda
224,2026-08-15,776.31,Tech
224,2026-07-04,943.74,Tech
224,2026-07-18,742.97,Esporte
225,2025-12-15,276.54,Esporte
225,2026-07-26,84.24,Esporte
225,2026-06-27,119.13,Tech
225,2026-02-09,269.3,Tech
225,2025-07-17,257.59,Casa
225,2026-08-16,248.48,Casa
226,2025-07-17,278.56,Moda
226,2025-11-12,83.55,Esporte
226,2025-10-20,169.69,Casa
226,2026-04-21,168.83,Casa
226,2026-03-12,221.32,Tech
226,2025-12-14,205.93,Casa
226,2025-09-25,174.81,Esporte
226,2026-04-03,292.13,Casa
227,2026-08-29,73.26,Moda
227,2026-08-03,297.23,Tech
227,2026-08-13,289.65,Esporte
227,2026-08-24,127.14,Esporte
228,2026-08-04,249.5,Moda
228,2026-09-01,83.12,Tech
228,2026-08-16,174.01,Tech
228,2026-08-17,217.82,Casa
228,2026-08-12,300.35,Tech
229,2026-08-27,801.84,Moda
229,2026-08-18,371.31,Moda
229,2026-07-12,952.9,Casa
229,2026-08-24,337.54,Esporte
229,2026-08-27,263.7,Tech
229,2026-08-25,677.34,Casa
229,2026-08-15,1094.45,Casa
229,2026-08-10,961.82,Moda
229,2026-07-15,764.93,Tech
229,2026-07-24,759.15,Moda
229,2026-08-14,1157.57,Moda
229,2026-07-21,650.43,Moda
229,2026-07-22,1096.29,Tech
229,2026-08-21,902.55,Tech
229,2026-08-14,818.18,Moda
229,2026-07-20,981.45,Tech
229,2026-08-02,1086.24,Esporte
229,2026-08-12,683.07,Esporte
229,2026-08-14,518.51,Casa
229,2026-07-23,356.89,Tech
229,2026-07-05,478.68,Moda
229,2026-08-31,1108.98,Moda
229,2026-08-14,538.51,Tech
229,2026-07-09,487.17,Tech
229,2026-07-25,490.95,Esporte
229,2026-07-27,897.6,Casa
229,2026-07-11,367.01,Moda
229,2026-07-04,336.33,Tech
229,2026-07-19,348.0,Tech
229,2026-07-25,1014.21,Casa
229,2026-07-22,830.83,Tech
229,2026-07-11,630.97,Esporte
229,2026-08-30,364.88,Moda
229,2026-08-18,370.25,Tech
229,2026-07-26,339.71,Casa
229,2026-07-15,882.77,Esporte
229,2026-08-18,629.83,Casa
229,2026-08-08,1077.73,Casa
229,2026-08-29,569.18,Casa
229,2026-07-26,816.3,Moda
229,2026-08-15,456.05,Casa
229,2026-08-03,254.68,Casa
229,2026-08-19,751.97,Tech
229,2026-08-03,1109.7,Esporte
229,2026-07-07,256.59,Tech
230,2026-08-05,363.6,Moda
230,2026-08-06,547.91,Moda
230,2026-08-19,716.59,Moda
230,2026-08-03,1197.95,Moda
230,2026-08-09,758.42,Moda
230,2026-08-22,981.72,Moda
230,2026-07-10,606.58,Tech
230,2026-07-12,1056.13,Casa
230,2026-08-02,1016.09,Esporte
230,2026-08-04,582.75,Esporte
230,2026-07-15,941.78,Esporte
230,2026-07-05,727.6,Moda
230,2026-08-21,1104.33,Casa
230,2026-09-01,303.51,Moda
230,2026-08-11,1118.68,Esporte
230,2026-08-01,375.23,Esporte
230,2026-08-18,484.61,Tech
230,2026-08-12,512.67,Casa
230,2026-07-15,930.55,Moda
230,2026-07-06,500.72,Esporte
230,2026-08-23,251.58,Tech
230,2026-07-28,468.18,Tech
230,2026-08-14,1072.49,Casa
230,2026-07-24,812.18,Tech
230,2026-07-14,1172.68,Casa
230,2026-08-21,487.15,Tech
230,2026-08-30,1056.83,Tech
230,2026-08-19,428.93,Casa
230,2026-08-30,1124.1,Tech
230,2026-08-14,395.25,Tech
230,2026-08-22,882.09,Tech
230,2026-08-08,840.46,Moda
230,2026-08-26,1053.21,Tech
230,2026-07-29,522.57,Moda
230,2026-07-16,290.02,Tech
230,2026-07-28,937.05,Casa
230,2026-08-08,515.32,Casa
230,2026-07-12,1058.23,Tech
230,2026-08-23,369.43,Tech
230,2026-07-26,693.14,Moda
230,2026-08-22,976.38,Tech
231,2026-08-22,279.26,Moda
231,2026-05-09,83.9,Moda
231,2026-04-22,134.26,Esporte
231,2026-04-22,272.25,Esporte
231,2026-08-24,159.01,Esporte
231,2026-05-19,167.21,Esporte
231,2026-08-25,172.89,Moda
231,2026-07-08,451.91,Esporte
231,2026-07-06,435.15,Casa
231,2026-08-11,296.62,Tech
231,2026-05-25,270.04,Esporte
231,2026-08-09,225.31,Tech
232,2026-08-21,634.45,Moda
232,2026-07-21,388.67,Casa
232,2026-07-12,1196.45,Casa
232,2026-08-20,1135.54,Moda
232,2026-07-18,988.56,Moda
232,2026-07-04,712.5,Moda
232,2026-07-23,630.68,Tech
232,2026-08-13,986.2,Tech
232,2026-07-23,551.12,Tech
232,2026-08-14,647.99,Tech
232,2026-07-08,1026.93,Tech
232,2026-07-23,1097.96,Moda
232,2026-07-30,448.42,Casa
232,2026-08-21,458.59,Esporte
232,2026-08-23,921.74,Casa
232,2026-08-08,655.51,Tech
232,2026-08-27,647.71,Tech
232,2026-08-25,375.56,Casa
232,2026-08-25,1192.05,Moda
232,2026-07-30,477.71,Tech
232,2026-08-20,892.82,Esporte
232,2026-08-30,337.62,Esporte
232,2026-07-18,603.82,Tech
232,2026-07-25,421.19,Tech
232,2026-07-26,773.69,Tech
232,2026-07-14,623.13,Casa
232,2026-07-29,739.75,Moda
232,2026-07-18,273.43,Esporte
232,2026-08-16,921.27,Moda
232,2026-07-30,774.76,Tech
232,2026-07-27,624.21,Esporte
232,2026-08-24,1187.52,Esporte
232,2026-07-11,730.65,Moda
232,2026-07-12,627.4,Tech
232,2026-08-08,305.6,Casa
232,2026-08-17,836.2,Tech
232,2026-07-27,432.91,Casa
232,2026-08-13,584.5,Tech
233,2026-08-26,1152.87,Tech
233,2026-07-03,824.9,Tech
233,2026-08-30,429.28,Moda
233,2026-07-14,553.49,Tech
233,2026-08-27,261.32,Esporte
233,2026-07-25,748.08,Esporte
233,2026-08-21,1184.3,Moda
233,2026-08-19,490.4,Moda
233,2026-07-15,889.14,Esporte
233,2026-07-03,647.38,Esporte
233,2026-07-24,368.49,Tech
233,2026-07-27,515.74,Casa
233,2026-07-04,1104.52,Moda
233,2026-07-28,1081.68,Esporte
233,2026-08-01,481.55,Moda
233,2026-08-19,1037.02,Tech
233,2026-08-07,854.87,Moda
233,2026-08-16,649.1,Casa
233,2026-07-08,1193.82,Moda
233,2026-08-06,1159.5,Casa
233,2026-07-30,1047.52,Moda
233,2026-08-20,1153.61,Esporte
234,2026-08-11,258.51,Casa
234,2026-08-24,226.41,Tech
234,2026-08-27,104.19,Esporte
234,2026-08-24,306.05,Moda
235,2026-08-16,466.9,Casa
235,2026-08-17,855.08,Tech
235,2026-07-29,929.28,Tech
235,2026-08-01,970.88,Moda
235,2026-09-01,913.8,Esporte
235,2026-07-30,715.01,Casa
235,2026-07-07,573.15,Casa
235,2026-07-12,467.99,Moda
235,2026-08-01,593.61,Tech
235,2026-08-06,463.54,Tech
235,2026-07-20,716.81,Esporte
235,2026-07-23,1157.94,Esporte
235,2026-07-28,721.21,Tech
235,2026-07-19,965.44,Casa
235,2026-07-24,1083.03,Tech
235,2026-08-05,432.92,Esporte
235,2026-08-09,1197.15,Casa
235,2026-07-13,503.19,Moda
235,2026-08-11,819.15,Moda
235,2026-08-31,1185.43,Tech
235,2026-08-13,894.93,Moda
235,2026-08-26,435.69,Casa
235,2026-07-12,1011.84,Esporte
235,2026-08-06,457.3,Tech
235,2026-08-04,480.94,Casa
235,2026-08-26,521.36,Tech
235,2026-07-17,1129.85,Esporte
235,2026-08-31,1163.25,Esporte
235,2026-08-19,911.04,Casa
235,2026-08-13,846.78,Casa
235,2026-07-30,297.91,Tech
235,2026-08-29,1089.74,Tech
235,2026-08-24,836.97,Casa
235,2026-08-05,272.94,Tech
235,2026-07-21,489.53,Casa
235,2026-07-26,1138.35,Esporte
235,2026-07-12,1126.22,Moda
235,2026-08-26,510.72,Moda
235,2026-08-28,760.61,Tech
236,2026-08-17,330.3,Casa
236,2026-07-25,113.1,Moda
236,2026-05-09,277.09,Tech
236,2026-04-11,127.22,Esporte
236,2026-06-26,223.02,Moda
236,2026-04-14,263.41,Esporte
236,2026-05-14,176.54,Moda
236,2026-08-17,451.45,Moda
236,2026-07-08,164.57,Casa
236,2026-06-23,406.05,Moda
236,2026-05-07,497.89,Moda
236,2026-07-28,285.63,Casa
236,2026-05-13,490.96,Esporte
236,2026-04-19,143.47,Moda
236,2026-08-06,105.25,Tech
236,2026-05-23,452.35,Esporte
236,2026-08-28,139.15,Tech
236,2026-06-30,312.87,Casa
236,2026-07-05,486.77,Esporte
237,2026-08-30,711.92,Tech
237,2026-08-07,872.98,Moda
237,2026-07-29,469.47,Casa
237,2026-07-20,999.01,Esporte
237,2026-08-25,396.24,Tech
237,2026-08-12,504.58,Esporte
237,2026-07-13,1185.96,Esporte
237,2026-08-29,747.58,Tech
237,2026-08-12,762.26,Tech
237,2026-07-18,1067.26,Moda
237,2026-08-08,535.02,Tech
237,2026-08-09,405.27,Esporte
237,2026-08-08,1046.68,Moda
237,2026-07-15,521.8,Esporte
237,2026-07-24,869.69,Casa
237,2026-08-11,1179.56,Tech
237,2026-07-17,393.97,Tech
237,2026-08-15,616.3,Tech
237,2026-08-14,1181.03,Esporte
237,2026-08-12,277.35,Casa
237,2026-07-19,570.41,Casa
237,2026-08-21,466.4,Casa
237,2026-08-15,1122.47,Moda
237,2026-07-19,553.26,Casa
237,2026-07-15,512.83,Tech
237,2026-08-06,873.84,Esporte
237,2026-07-29,971.12,Esporte
237,2026-08-10,860.46,Tech
237,2026-08-18,716.73,Tech
237,2026-08-01,1033.66,Esporte
237,2026-07-26,681.92,Esporte
237,2026-08-09,355.15,Esporte
237,2026-07-19,452.77,Moda
237,2026-08-29,528.83,Esporte
237,2026-07-04,839.24,Esporte
238,2026-08-30,161.81,Casa
239,2026-02-26,98.48,Casa
239,2025-12-18,155.63,Moda
239,2025-11-06,215.34,Tech
239,2025-09-19,46.81,Tech
240,2025-12-28,74.8,Esporte
240,2026-05-06,134.52,Tech
240,2026-01-29,221.85,Casa
240,2026-01-03,198.73,Tech
240,2026-04-10,76.43,Casa
240,2026-06-16,274.48,Tech
241,2026-07-24,530.36,Tech
241,2026-07-16,535.17,Moda
241,2026-08-12,252.72,Tech
241,2026-07-19,839.51,Moda
241,2026-07-26,562.53,Esporte
241,2026-08-09,1001.72,Casa
241,2026-07-18,656.2,Esporte
241,2026-08-02,545.26,Casa
241,2026-07-10,695.75,Tech
241,2026-08-07,499.99,Moda
241,2026-07-15,605.15,Casa
241,2026-07-05,1165.83,Esporte
241,2026-08-21,256.66,Moda
241,2026-08-10,988.09,Casa
241,2026-08-30,542.09,Moda
241,2026-08-31,920.98,Tech
241,2026-07-20,1004.45,Moda
241,2026-08-01,1011.99,Casa
241,2026-07-10,789.24,Esporte
241,2026-07-15,783.93,Esporte
241,2026-08-01,547.99,Esporte
241,2026-07-20,949.32,Esporte
241,2026-08-11,805.23,Casa
241,2026-08-08,896.84,Esporte
241,2026-09-01,1104.24,Tech
241,2026-08-08,1153.48,Esporte
241,2026-07-06,824.43,Tech
241,2026-07-15,768.09,Tech
241,2026-07-04,1096.71,Casa
241,2026-08-09,936.79,Tech
241,2026-07-15,676.2,Tech
241,2026-08-20,1061.99,Casa
241,2026-07-17,1072.01,Esporte
241,2026-08-03,738.78,Moda
241,2026-07-13,715.02,Esporte
241,2026-08-05,1181.53,Casa
241,2026-07-17,1112.96,Casa
241,2026-08-17,982.71,Esporte
241,2026-07-24,817.51,Moda
241,2026-08-13,818.84,Casa
241,2026-08-09,1045.25,Esporte
241,2026-07-26,861.15,Tech
241,2026-08-15,468.4,Moda
242,2026-08-28,863.82,Esporte
242,2026-08-01,1187.91,Esporte
242,2026-08-04,940.38,Casa
242,2026-08-09,1016.34,Moda
242,2026-08-09,1125.61,Casa
242,2026-08-06,444.37,Tech
242,2026-08-21,1189.84,Moda
242,2026-07-03,976.41,Esporte
242,2026-07-06,724.27,Casa
242,2026-07-15,488.16,Esporte
242,2026-07-17,858.25,Casa
242,2026-09-01,969.49,Moda
242,2026-08-21,295.65,Tech
242,2026-08-12,934.72,Moda
242,2026-07-03,955.2,Esporte
242,2026-08-20,280.08,Tech
242,2026-07-28,912.3,Esporte
242,2026-07-20,980.03,Esporte
242,2026-09-01,750.85,Esporte
242,2026-07-24,794.86,Moda
242,2026-07-05,475.04,Esporte
242,2026-07-25,416.76,Casa
242,2026-08-06,1195.43,Casa
242,2026-08-02,1052.19,Moda
242,2026-08-20,488.73,Tech
242,2026-07-13,351.27,Moda
242,2026-08-12,752.53,Casa
242,2026-08-04,524.58,Moda
242,2026-08-28,858.03,Moda
242,2026-07-13,886.36,Casa
242,2026-08-14,291.61,Esporte
242,2026-07-17,349.72,Tech
242,2026-08-12,885.35,Tech
242,2026-08-15,1129.39,Tech
242,2026-08-22,632.35,Tech
242,2026-07-04,333.34,Moda
243,2026-07-23,680.65,Moda
243,2026-07-31,729.66,Esporte
243,2026-08-07,1132.24,Moda
243,2026-07-06,635.48,Moda
243,2026-08-10,569.38,Esporte
243,2026-07-06,449.54,Moda
243,2026-07-05,1000.08,Casa
243,2026-07-22,703.65,Moda
243,2026-08-25,799.28,Casa
243,2026-08-25,841.77,Casa
243,2026-08-17,864.13,Casa
243,2026-08-02,469.05,Moda
243,2026-07-04,561.91,Moda
243,2026-08-07,1134.64,Casa
243,2026-07-17,687.22,Esporte
243,2026-08-27,991.64,Casa
243,2026-07-15,1052.75,Moda
243,2026-07-30,712.99,Tech
243,2026-08-20,906.06,Esporte
243,2026-07-12,1179.32,Esporte
243,2026-07-16,1098.51,Esporte
243,2026-08-16,520.04,Tech
243,2026-07-04,1152.63,Casa
243,2026-08-01,1076.82,Tech
243,2026-07-03,776.7,Tech
243,2026-08-25,816.29,Esporte
243,2026-07-15,1002.02,Esporte
243,2026-08-26,1078.99,Moda
243,2026-08-19,759.7,Tech
243,2026-08-04,1078.3,Tech
243,2026-07-11,874.07,Esporte
243,2026-07-31,299.58,Tech
243,2026-08-18,1021.62,Esporte
243,2026-07-11,401.01,Tech
243,2026-07-28,821.31,Tech
243,2026-07-16,453.57,Tech
243,2026-08-28,566.55,Casa
243,2026-07-20,854.36,Casa
243,2026-07-15,276.89,Casa
243,2026-07-09,415.69,Moda
243,2026-08-03,573.33,Tech
243,2026-07-08,751.83,Moda
243,2026-08-09,336.85,Tech
243,2026-09-01,393.38,Esporte
244,2026-07-22,128.43,Moda
244,2026-08-14,468.34,Tech
244,2026-07-28,352.98,Esporte
244,2026-07-26,332.04,Tech
244,2026-06-09,436.61,Esporte
244,2026-08-24,294.94,Casa
244,2026-05-27,101.2,Tech
244,2026-08-24,187.25,Casa
244,2026-07-20,209.82,Moda
244,2026-07-05,370.21,Esporte
244,2026-04-22,124.28,Moda
244,2026-06-21,202.19,Casa
244,2026-05-17,467.09,Moda
244,2026-08-20,344.4,Moda
244,2026-08-13,368.75,Casa
245,2026-08-09,1042.45,Esporte
245,2026-08-25,1184.37,Moda
245,2026-07-03,350.91,Esporte
245,2026-07-28,906.82,Esporte
245,2026-07-22,1114.69,Esporte
245,2026-07-15,416.72,Tech
245,2026-08-07,314.07,Tech
245,2026-08-12,1055.46,Esporte
245,2026-08-19,1195.74,Esporte
245,2026-08-31,423.47,Esporte
245,2026-07-04,826.75,Moda
245,2026-07-06,823.2,Tech
245,2026-08-31,1172.31,Moda
245,2026-07-20,287.01,Casa
245,2026-07-23,1127.95,Moda
245,2026-08-24,752.19,Tech
245,2026-08-12,410.04,Tech
245,2026-08-13,1104.58,Moda
245,2026-08-06,711.62,Esporte
245,2026-07-03,301.48,Esporte
245,2026-07-27,1114.51,Moda
245,2026-07-07,442.31,Tech
245,2026-07-04,459.57,Esporte
245,2026-08-25,393.02,Moda
245,2026-08-22,618.06,Esporte
245,2026-07-10,1039.76,Tech
245,2026-08-04,730.29,Tech
245,2026-07-20,1129.64,Tech
245,2026-07-27,1106.59,Tech
246,2026-07-21,593.26,Esporte
246,2026-07-20,355.93,Casa
246,2026-07-05,1160.23,Moda
246,2026-08-02,900.15,Esporte
246,2026-07-19,869.5,Moda
246,2026-08-06,918.74,Moda
246,2026-08-28,408.24,Esporte
246,2026-07-03,383.95,Esporte
246,2026-07-29,344.06,Tech
246,2026-08-19,664.67,Tech
246,2026-08-23,849.7,Casa
246,2026-08-20,974.36,Esporte
246,2026-07-24,972.59,Esporte
246,2026-08-07,1044.19,Casa
246,2026-07-12,567.42,Tech
246,2026-07-26,704.17,Esporte
246,2026-09-01,1133.67,Esporte
246,2026-07-18,527.14,Esporte
246,2026-08-01,299.76,Tech
246,2026-07-06,1037.34,Moda
246,2026-08-20,1000.31,Casa
246,2026-08-28,496.42,Moda
246,2026-07-30,1199.77,Casa
246,2026-07-09,555.51,Tech
246,2026-07-26,377.67,Esporte
246,2026-08-24,622.14,Tech
246,2026-07-24,302.63,Moda
246,2026-08-06,427.99,Moda
246,2026-08-25,262.78,Tech
246,2026-08-09,646.89,Moda
246,2026-07-13,565.67,Tech
246,2026-08-21,1122.82,Moda
246,2026-08-21,387.99,Tech
246,2026-08-09,906.6,Esporte
246,2026-08-25,752.48,Tech
246,2026-07-08,818.35,Moda
246,2026-08-06,967.62,Esporte
246,2026-08-06,1071.04,Casa
246,2026-07-16,823.19,Tech
246,2026-08-17,946.98,Casa
246,2026-07-12,1087.13,Moda
246,2026-07-20,1158.23,Tech
247,2026-08-03,148.92,Moda
247,2026-08-06,89.36,Casa
247,2026-08-19,176.75,Casa
248,2026-06-19,85.65,Esporte
248,2026-05-23,349.44,Tech
248,2026-05-03,218.47,Tech
248,2026-07-23,312.71,Moda
248,2026-07-29,125.34,Casa
248,2026-05-28,224.78,Esporte
248,2026-08-12,485.25,Casa
248,2026-05-22,228.04,Esporte
248,2026-05-28,196.74,Moda
248,2026-04-20,305.92,Moda
249,2026-07-06,816.89,Tech
249,2026-07-26,259.51,Esporte
249,2026-07-24,635.56,Esporte
249,2026-08-04,343.87,Tech
249,2026-07-03,267.86,Moda
249,2026-08-20,386.72,Tech
249,2026-08-07,326.4,Tech
249,2026-08-18,657.16,Tech
249,2026-08-23,260.88,Moda
249,2026-08-19,1086.96,Moda
249,2026-08-03,633.23,Esporte
249,2026-07-26,923.16,Moda
249,2026-07-22,587.37,Casa
249,2026-07-15,657.75,Casa
249,2026-08-29,418.65,Tech
249,2026-08-18,1056.62,Esporte
249,2026-07-28,284.12,Tech
249,2026-08-21,919.7,Casa
249,2026-08-28,502.43,Casa
249,2026-08-26,1016.8,Casa
249,2026-08-06,1021.78,Casa
249,2026-07-07,958.54,Tech
249,2026-08-12,439.86,Moda
249,2026-08-08,690.83,Casa
249,2026-07-05,538.74,Esporte
249,2026-08-11,888.14,Esporte
249,2026-07-31,998.2,Tech
249,2026-07-11,857.65,Moda
250,2026-04-02,167.97,Esporte
250,2026-04-17,176.5,Esporte
250,2025-09-02,164.72,Esporte
251,2026-03-10,250.25,Moda
251,2025-09-23,226.66,Esporte
251,2026-01-18,155.48,Tech
252,2026-05-21,273.1,Tech
252,2026-06-15,248.38,Esporte
252,2026-08-19,96.7,Casa
252,2026-07-25,123.82,Moda
252,2026-04-22,240.35,Esporte
252,2026-06-19,264.93,Esporte
252,2026-08-12,85.36,Esporte
252,2026-08-05,474.79,Tech
253,2026-08-09,272.75,Moda
254,2026-07-27,338.32,Moda
254,2026-07-29,587.5,Esporte
254,2026-08-08,1092.69,Tech
254,2026-08-02,503.65,Casa
254,2026-08-10,458.28,Moda
254,2026-08-05,965.47,Tech
254,2026-08-30,1036.18,Casa
254,2026-07-20,930.77,Casa
254,2026-08-06,884.93,Moda
254,2026-08-16,289.66,Moda
254,2026-08-10,894.23,Esporte
254,2026-08-07,599.2,Casa
254,2026-07-04,838.95,Esporte
254,2026-08-11,410.44,Moda
254,2026-07-30,1073.57,Moda
254,2026-07-20,896.05,Casa
254,2026-08-05,765.2,Moda
254,2026-07-05,981.5,Casa
254,2026-07-27,608.72,Casa
254,2026-07-28,333.48,Casa
254,2026-07-11,461.54,Esporte
254,2026-07-24,376.8,Tech
254,2026-07-10,863.56,Tech
255,2026-08-18,208.15,Moda
255,2026-08-09,347.55,Tech
255,2026-08-29,165.4,Tech
255,2026-08-06,251.4,Esporte
256,2026-08-09,316.73,Moda
257,2025-07-17,74.68,Esporte
257,2026-02-09,293.66,Esporte
257,2025-10-25,200.52,Moda
257,2025-10-26,215.39,Esporte
257,2026-02-03,40.59,Casa
257,2026-08-26,155.73,Esporte
257,2026-01-05,203.51,Moda
257,2026-08-17,281.22,Tech
258,2025-12-25,123.66,Esporte
258,2026-08-02,189.06,Casa
259,2026-08-05,78.08,Moda
259,2026-08-26,180.63,Casa
260,2026-06-22,195.66,Esporte
260,2026-07-21,414.43,Tech
260,2026-04-04,102.6,Esporte
260,2026-04-22,258.71,Tech
260,2026-04-18,111.61,Moda
260,2026-04-28,404.7,Casa
260,2026-08-11,430.41,Tech
260,2026-08-30,153.99,Esporte
261,2025-12-17,160.01,Esporte
261,2026-03-16,78.75,Casa
261,2026-06-08,269.01,Tech
261,2025-12-07,115.31,Tech
262,2026-08-11,1079.01,Casa
262,2026-07-08,934.24,Esporte
262,2026-08-22,915.16,Casa
262,2026-08-06,1034.55,Esporte
262,2026-08-25,693.63,Casa
262,2026-07-17,1101.01,Moda
262,2026-07-18,1093.1,Casa
262,2026-08-16,367.66,Esporte
262,2026-08-17,430.95,Tech
262,2026-08-20,915.06,Tech
262,2026-08-24,459.83,Tech
262,2026-07-26,849.6,Casa
262,2026-07-18,503.69,Esporte
262,2026-07-04,306.7,Esporte
262,2026-07-22,1141.85,Casa
262,2026-08-14,786.78,Esporte
262,2026-07-18,968.87,Tech
262,2026-08-03,577.41,Esporte
262,2026-08-30,382.89,Moda
262,2026-07-29,664.76,Casa
262,2026-07-22,718.11,Esporte
262,2026-07-13,618.07,Moda
262,2026-08-16,662.41,Casa
262,2026-08-19,519.7,Casa
262,2026-08-13,938.67,Moda
262,2026-07-31,638.66,Esporte
262,2026-08-17,556.13,Moda
262,2026-07-04,528.49,Esporte
262,2026-08-31,884.24,Casa
262,2026-07-20,1106.23,Esporte
262,2026-08-17,311.94,Esporte
262,2026-08-06,963.66,Moda
262,2026-07-04,425.83,Esporte
262,2026-07-06,1159.81,Tech
262,2026-07-25,660.08,Casa
262,2026-08-23,1021.37,Esporte
262,2026-07-30,671.39,Casa
262,2026-08-13,1165.79,Tech
262,2026-08-13,745.92,Tech
262,2026-07-22,961.06,Casa
262,2026-07-23,589.58,Moda
262,2026-07-10,934.44,Esporte
262,2026-07-17,952.79,Esporte
263,2026-06-13,232.7,Moda
263,2026-08-29,272.72,Esporte
263,2026-04-20,482.47,Casa
263,2026-08-27,107.92,Casa
263,2026-04-09,381.16,Tech
263,2026-05-10,293.38,Moda
263,2026-07-15,251.39,Moda
263,2026-04-19,262.27,Casa
263,2026-05-06,343.41,Tech
263,2026-06-01,295.69,Esporte
264,2026-05-08,472.86,Tech
264,2026-04-10,364.13,Casa
264,2026-07-04,186.96,Moda
264,2026-06-22,330.13,Tech
264,2026-08-27,432.88,Casa
264,2026-06-14,209.05,Casa
264,2026-04-25,154.79,Tech
264,2026-07-18,177.14,Moda
264,2026-05-21,117.08,Moda
264,2026-05-30,369.23,Casa
264,2026-07-26,259.28,Casa
264,2026-06-17,179.31,Casa
264,2026-07-28,85.72,Casa
264,2026-04-26,360.84,Casa
265,2026-07-10,338.11,Esporte
265,2026-08-06,371.0,Casa
265,2026-06-11,262.32,Casa
265,2026-04-21,224.7,Casa
265,2026-04-18,182.51,Esporte
265,2026-05-11,140.67,Casa
265,2026-08-25,387.51,Tech
265,2026-05-14,337.03,Esporte
265,2026-05-21,188.68,Esporte
265,2026-05-01,169.44,Tech
265,2026-08-06,443.02,Moda
265,2026-06-18,484.93,Esporte
265,2026-05-30,247.75,Casa
265,2026-07-28,109.68,Moda
265,2026-05-18,464.18,Casa
265,2026-07-14,102.04,Casa
265,2026-05-22,353.23,Moda
265,2026-07-05,379.1,Casa
265,2026-04-17,335.35,Esporte
266,2026-07-23,986.84,Casa
266,2026-07-21,1010.22,Esporte
266,2026-07-04,680.77,Casa
266,2026-07-25,382.44,Esporte
266,2026-08-09,277.93,Tech
266,2026-08-09,1059.08,Esporte
266,2026-08-22,363.78,Esporte
266,2026-08-05,863.56,Tech
266,2026-07-08,1043.85,Moda
266,2026-08-18,483.75,Esporte
266,2026-07-14,369.44,Casa
266,2026-07-04,929.94,Esporte
266,2026-08-06,954.65,Moda
266,2026-08-26,410.97,Casa
266,2026-08-14,513.63,Tech
266,2026-07-10,853.2,Casa
266,2026-07-08,651.68,Moda
266,2026-08-15,482.52,Tech
266,2026-07-31,756.78,Tech
266,2026-08-19,645.79,Moda
266,2026-08-21,302.89,Esporte
266,2026-07-08,567.46,Casa
266,2026-08-01,792.19,Moda
266,2026-07-19,349.75,Esporte
267,2026-08-17,244.45,Esporte
267,2026-08-28,155.51,Casa
267,2026-08-03,336.32,Tech
267,2026-08-13,254.27,Tech
268,2026-08-08,643.51,Casa
268,2026-07-18,768.96,Moda
268,2026-07-07,556.44,Esporte
268,2026-08-25,361.41,Esporte
268,2026-07-11,499.3,Moda
268,2026-08-05,992.0,Esporte
268,2026-08-25,927.68,Esporte
268,2026-07-06,804.58,Moda
268,2026-08-09,906.52,Esporte
268,2026-07-24,763.82,Casa
268,2026-07-31,273.98,Casa
268,2026-07-20,1059.18,Moda
268,2026-08-24,551.46,Casa
268,2026-07-07,1157.96,Tech
268,2026-08-06,391.08,Esporte
268,2026-07-25,420.52,Casa
268,2026-07-18,293.73,Moda
268,2026-07-22,626.4,Esporte
268,2026-07-03,1088.17,Moda
268,2026-07-26,907.46,Moda
268,2026-08-14,1119.16,Esporte
268,2026-08-16,696.77,Tech
268,2026-08-20,670.25,Tech
269,2026-08-27,228.64,Moda
270,2026-07-16,251.3,Tech
270,2026-08-11,1027.99,Tech
270,2026-07-18,461.9,Esporte
270,2026-08-02,1041.19,Moda
270,2026-07-09,1158.62,Tech
270,2026-07-06,1110.08,Tech
270,2026-07-05,821.72,Esporte
270,2026-07-17,749.24,Moda
270,2026-08-10,487.37,Tech
270,2026-08-15,376.5,Casa
270,2026-08-07,687.0,Moda
270,2026-07-05,1193.48,Moda
270,2026-08-04,506.66,Moda
270,2026-08-15,813.46,Moda
270,2026-08-16,416.4,Tech
270,2026-07-27,661.53,Moda
270,2026-09-01,761.78,Esporte
270,2026-08-14,1164.31,Moda
270,2026-07-26,1139.86,Esporte
270,2026-07-30,599.43,Moda
270,2026-07-11,967.71,Moda
270,2026-08-14,922.44,Moda
270,2026-08-21,346.73,Casa
270,2026-07-27,631.65,Casa
270,2026-07-05,1083.2,Moda
270,2026-07-29,252.97,Tech
270,2026-07-24,774.07,Tech
270,2026-08-21,779.44,Tech
270,2026-08-20,695.87,Tech
270,2026-07-29,698.89,Esporte
270,2026-07-10,684.4,Casa
270,2026-07-11,289.62,Esporte
270,2026-08-09,328.49,Casa
270,2026-08-06,969.13,Tech
270,2026-08-22,898.71,Moda
270,2026-08-04,1128.09,Casa
270,2026-07-08,569.11,Tech
270,2026-08-08,1003.74,Tech
270,2026-07-14,742.72,Moda
270,2026-08-12,756.56,Esporte
271,2026-05-18,222.14,Moda
271,2026-06-01,365.7,Casa
271,2026-05-26,109.54,Esporte
271,2026-06-03,235.75,Tech
271,2026-08-14,312.4,Casa
271,2026-06-09,198.49,Moda
271,2026-08-16,236.2,Esporte
271,2026-04-27,301.07,Esporte
271,2026-08-30,310.0,Moda
271,2026-08-08,157.8,Casa
271,2026-07-30,117.5,Moda
271,2026-08-24,97.04,Esporte
271,2026-08-10,320.66,Tech
271,2026-07-02,397.44,Esporte
271,2026-06-19,341.96,Esporte
271,2026-06-15,365.46,Tech
271,2026-04-14,405.7,Casa
272,2026-05-10,134.78,Esporte
272,2026-07-03,236.07,Esporte
272,2026-08-06,261.05,Moda
272,2026-01-23,122.55,Casa
272,2025-12-28,122.86,Tech
272,2026-05-09,96.01,Tech
272,2025-12-05,109.96,Casa
273,2026-06-30,192.59,Esporte
273,2026-05-22,314.02,Casa
273,2026-08-18,383.78,Tech
273,2026-04-26,328.35,Tech
273,2026-06-20,200.74,Esporte
273,2026-04-04,336.14,Esporte
273,2026-05-13,171.65,Tech
273,2026-06-29,273.07,Tech
273,2026-04-05,281.32,Moda
274,2025-09-27,246.83,Casa
274,2026-03-29,133.35,Casa
274,2025-11-22,285.22,Moda
274,2026-06-02,207.76,Esporte
274,2026-06-05,152.42,Moda
274,2025-07-24,164.95,Tech
274,2026-07-11,298.76,Casa
274,2025-08-06,104.68,Tech
274,2026-06-06,162.61,Esporte
275,2026-08-28,824.79,Tech
275,2026-08-24,301.02,Moda
275,2026-07-18,792.27,Moda
275,2026-08-11,375.29,Esporte
275,2026-08-11,331.05,Moda
275,2026-08-18,921.85,Tech
275,2026-08-07,477.41,Moda
275,2026-08-08,408.47,Tech
275,2026-08-19,619.56,Casa
275,2026-08-27,632.67,Esporte
275,2026-07-06,707.19,Tech
275,2026-08-30,1125.74,Esporte
275,2026-08-16,424.79,Casa
275,2026-07-27,867.56,Tech
275,2026-08-21,545.5,Esporte
275,2026-07-24,456.25,Tech
275,2026-08-22,1072.27,Moda
275,2026-08-16,696.55,Casa
275,2026-09-01,847.61,Casa
275,2026-07-17,1109.57,Tech
275,2026-07-03,546.83,Casa
275,2026-08-12,618.63,Esporte
275,2026-07-06,1194.48,Esporte
275,2026-07-31,877.43,Esporte
275,2026-08-25,1122.87,Moda
275,2026-07-31,591.58,Casa
275,2026-08-19,493.15,Casa
275,2026-08-28,351.43,Moda
275,2026-07-31,1029.38,Casa
275,2026-07-16,855.33,Esporte
275,2026-08-01,744.38,Casa
275,2026-08-09,479.88,Moda
275,2026-08-24,589.19,Moda
275,2026-08-17,405.44,Esporte
275,2026-07-08,804.05,Tech
275,2026-07-04,421.06,Casa
275,2026-08-19,713.49,Tech
275,2026-07-12,309.49,Esporte
276,2026-08-17,633.84,Esporte
276,2026-08-15,792.49,Moda
276,2026-08-18,330.96,Esporte
276,2026-07-14,536.2,Casa
276,2026-07-11,701.62,Moda
276,2026-07-12,466.87,Tech
276,2026-08-20,1144.88,Esporte
276,2026-07-04,988.85,Tech
276,2026-07-09,807.17,Tech
276,2026-07-16,945.15,Moda
276,2026-08-17,607.66,Moda
276,2026-07-16,1019.19,Moda
276,2026-08-13,653.62,Casa
276,2026-07-13,1011.92,Tech
276,2026-07-14,534.35,Moda
276,2026-08-03,910.36,Esporte
276,2026-08-04,811.0,Moda
276,2026-08-24,540.91,Tech
276,2026-08-14,901.95,Esporte
276,2026-08-07,994.74,Casa
276,2026-07-03,251.78,Moda
276,2026-08-08,848.83,Tech
276,2026-07-05,991.34,Esporte
276,2026-08-31,624.6,Tech
276,2026-07-30,720.49,Tech
276,2026-08-15,339.93,Moda
276,2026-07-15,1076.67,Esporte
276,2026-07-25,403.45,Casa
276,2026-07-20,1082.86,Esporte
276,2026-08-10,447.18,Tech
276,2026-07-24,334.72,Tech
276,2026-07-22,644.51,Tech
276,2026-08-20,1044.95,Esporte
276,2026-07-22,1011.81,Casa
276,2026-07-23,697.19,Casa
276,2026-07-15,1012.11,Esporte
277,2026-01-07,94.73,Casa
277,2026-03-26,100.17,Esporte
277,2025-09-16,157.75,Esporte
277,2026-02-16,197.38,Esporte
277,2025-08-28,128.22,Esporte
278,2026-07-24,274.07,Casa
278,2026-04-24,124.47,Esporte
278,2026-08-04,152.76,Moda
278,2026-06-27,359.65,Esporte
278,2026-06-09,240.7,Tech
278,2026-05-10,168.95,Moda
278,2026-07-28,328.65,Esporte
278,2026-05-12,233.59,Moda
278,2026-05-31,481.68,Esporte
278,2026-04-30,336.66,Esporte
278,2026-04-10,267.59,Tech
279,2026-04-04,187.34,Tech
279,2025-12-07,213.86,Esporte
279,2025-12-31,214.14,Esporte
279,2025-07-29,295.24,Casa
279,2026-05-09,42.15,Esporte
279,2026-03-01,143.76,Moda
279,2026-04-29,103.19,Moda
279,2026-08-12,112.57,Esporte
280,2026-06-26,179.59,Moda
280,2026-03-21,276.55,Moda
281,2026-08-12,293.02,Tech
282,2026-06-17,102.6,Tech
282,2026-08-07,444.51,Casa
282,2026-05-09,392.54,Casa
282,2026-07-28,376.51,Esporte
282,2026-08-10,274.85,Moda
282,2026-07-05,234.75,Moda
282,2026-06-24,471.02,Moda
282,2026-06-18,239.17,Tech
282,2026-07-23,482.06,Esporte
282,2026-06-09,337.39,Casa
282,2026-08-25,82.74,Casa
282,2026-04-15,363.79,Tech
282,2026-08-16,491.72,Moda
282,2026-06-07,461.3,Tech
283,2026-08-01,289.83,Esporte
283,2026-08-14,495.58,Esporte
283,2026-05-14,173.88,Casa
283,2026-04-07,403.74,Esporte
283,2026-08-28,382.34,Casa
283,2026-06-23,138.09,Moda
283,2026-05-09,334.48,Esporte
283,2026-05-26,207.52,Tech
283,2026-08-16,440.8,Esporte
284,2026-04-26,438.38,Casa
284,2026-06-21,102.97,Tech
284,2026-07-01,113.2,Moda
284,2026-04-09,323.12,Moda
284,2026-06-20,423.04,Moda
284,2026-06-08,167.08,Esporte
284,2026-08-05,457.37,Tech
284,2026-07-10,241.58,Moda
285,2026-05-11,82.16,Casa
285,2026-08-01,434.7,Tech
285,2026-05-08,426.11,Esporte
285,2026-06-04,295.27,Esporte
285,2026-08-18,296.9,Esporte
285,2026-06-11,132.69,Esporte
285,2026-06-26,379.24,Tech
285,2026-04-27,490.28,Casa
285,2026-05-10,354.13,Tech
285,2026-08-10,461.26,Tech
285,2026-05-23,470.46,Tech
285,2026-08-23,330.13,Casa
285,2026-06-06,484.17,Esporte
285,2026-04-04,258.95,Casa
285,2026-08-10,458.61,Moda
285,2026-04-04,365.76,Casa
286,2026-07-04,293.86,Tech
286,2026-08-18,401.67,Tech
286,2026-04-10,120.99,Moda
286,2026-07-22,362.46,Tech
286,2026-04-10,194.92,Esporte
286,2026-08-16,477.41,Tech
286,2026-07-07,250.06,Esporte
286,2026-07-04,358.59,Casa
286,2026-04-08,382.82,Esporte
286,2026-05-29,101.84,Casa
286,2026-05-05,383.18,Casa
286,2026-06-28,418.61,Tech
286,2026-08-10,463.96,Moda
286,2026-08-26,141.85,Moda
287,2026-08-24,290.28,Casa
287,2026-08-17,118.91,Esporte
287,2026-08-17,92.59,Casa
288,2026-07-19,366.78,Moda
288,2026-07-09,188.17,Casa
288,2026-08-08,329.96,Moda
288,2026-05-01,157.86,Tech
288,2026-08-02,349.59,Casa
288,2026-07-11,325.57,Esporte
288,2026-04-07,497.29,Tech
288,2026-05-30,235.51,Tech
288,2026-08-12,194.86,Casa
288,2026-04-23,370.08,Casa
288,2026-06-19,285.08,Esporte
288,2026-04-18,207.97,Esporte
288,2026-07-29,163.7,Esporte
288,2026-08-02,221.1,Esporte
289,2026-02-23,180.66,Casa
289,2025-12-25,207.12,Tech
289,2025-08-06,244.09,Esporte
289,2026-05-03,142.68,Casa
289,2026-06-23,44.09,Casa
289,2025-07-20,153.09,Casa
290,2025-08-10,40.25,Moda
290,2025-10-19,78.78,Casa
290,2026-01-20,111.51,Esporte
290,2026-07-29,125.87,Casa
290,2026-01-24,159.03,Tech
290,2025-10-11,176.43,Moda
291,2026-03-28,68.07,Moda
291,2025-11-10,171.42,Tech
291,2026-08-31,170.38,Esporte
291,2025-11-03,219.31,Esporte
291,2026-07-21,61.71,Tech
291,2026-03-27,177.91,Casa
291,2026-03-04,112.47,Tech
291,2026-05-26,77.75,Casa
291,2025-07-16,277.29,Casa
291,2025-11-07,57.04,Tech
292,2026-08-27,261.14,Casa
293,2026-05-31,234.54,Moda
293,2026-07-17,54.22,Esporte
293,2026-04-11,183.52,Esporte
293,2025-08-05,79.88,Casa
293,2026-07-06,232.03,Casa
293,2026-05-23,108.81,Moda
293,2026-06-06,40.14,Tech
294,2026-04-13,237.88,Casa
294,2025-10-20,82.66,Tech
294,2025-09-06,44.81,Moda
294,2025-10-23,286.04,Tech
294,2025-08-15,247.34,Tech
294,2026-08-12,276.98,Tech
294,2025-08-30,183.21,Esporte
294,2026-08-11,94.76,Esporte
294,2026-05-06,258.73,Moda
294,2026-06-27,61.45,Casa
295,2026-04-26,263.0,Tech
295,2026-02-03,132.71,Esporte
295,2026-01-24,76.36,Tech
295,2025-11-21,148.34,Esporte
295,2026-01-14,49.99,Casa
295,2025-11-10,297.17,Moda
295,2026-01-29,43.19,Casa
295,2025-12-10,228.81,Tech
295,2025-10-29,269.24,Casa
296,2026-05-11,161.38,Moda
296,2026-05-01,244.34,Moda
296,2026-07-01,147.69,Esporte
296,2026-04-15,466.42,Moda
296,2026-07-17,358.7,Moda
296,2026-08-06,373.28,Casa
296,2026-04-22,218.09,Moda
296,2026-06-03,97.67,Moda
296,2026-08-17,180.57,Casa
296,2026-05-02,401.57,Casa
296,2026-06-06,400.06,Moda
296,2026-07-31,394.4,Moda
296,2026-07-04,397.48,Tech
296,2026-07-04,364.37,Moda
296,2026-06-09,311.74,Tech
296,2026-07-03,474.58,Moda
296,2026-08-17,296.36,Esporte
296,2026-05-27,372.01,Tech
296,2026-08-31,226.64,Tech
296,2026-05-18,105.02,Casa
297,2026-08-21,90.36,Moda
298,2026-06-22,228.03,Casa
298,2026-04-28,334.05,Casa
298,2026-04-18,467.5,Casa
298,2026-06-29,116.13,Moda
298,2026-08-22,213.22,Moda
298,2026-04-20,494.31,Moda
298,2026-06-15,275.08,Esporte
298,2026-05-24,420.02,Esporte
298,2026-07-10,286.65,Tech
298,2026-08-24,100.93,Casa
298,2026-06-08,454.01,Tech
298,2026-08-25,380.12,Esporte
299,2026-05-25,210.29,Casa
299,2025-11-07,261.53,Esporte
300,2026-07-05,776.83,Casa
300,2026-08-20,1188.14,Esporte
300,2026-07-13,395.7,Tech
300,2026-08-11,962.19,Casa
300,2026-08-16,270.2,Casa
300,2026-08-14,993.72,Tech
300,2026-07-10,1072.41,Casa
300,2026-07-05,451.43,Tech
300,2026-08-18,1110.59,Tech
300,2026-07-17,584.61,Moda
300,2026-07-20,1005.19,Casa
300,2026-08-04,669.93,Tech
300,2026-08-18,835.01,Esporte
300,2026-07-12,296.03,Tech
300,2026-08-23,869.66,Tech
300,2026-07-20,968.96,Tech
300,2026-07-21,1187.09,Moda
300,2026-07-10,813.23,Casa
300,2026-08-12,474.38,Tech
300,2026-07-28,355.55,Esporte
300,2026-07-27,527.68,Esporte
300,2026-07-10,541.74,Moda
300,2026-08-20,1103.32,Tech
300,2026-08-20,695.02,Moda
300,2026-08-18,1023.33,Tech
300,2026-08-01,274.32,Moda
300,2026-07-08,967.74,Tech
300,2026-08-29,272.35,Casa
300,2026-08-09,971.42,Tech
300,2026-07-19,453.42,Tech
300,2026-08-11,287.04,Moda
300,2026-08-25,1189.53,Casa
300,2026-07-06,1147.48,Casa
300,2026-08-18,836.42,Moda
300,2026-08-15,296.08,Moda
300,2026-07-31,678.73,Tech
300,2026-07-19,648.02,Casa
300,2026-07-28,761.07,Moda
300,2026-08-30,1131.88,Moda
300,2026-08-13,1107.32,Esporte
300,2026-07-30,1048.42,Casa
300,2026-07-06,727.55,Esporte
300,2026-08-24,668.97,Casa
300,2026-07-18,340.93,Esporte
300,2026-07-28,538.08,Esporte
